#pragma once
// Auto-generated from assets/icons/dashengine.png — do not edit manually
unsigned char kIconBmpData[] = {
  0x42, 0x4d, 0x8a, 0x40, 0x00, 0x00, 0x00, 0x00, 0x00, 0x00, 0x8a, 0x00,
  0x00, 0x00, 0x7c, 0x00, 0x00, 0x00, 0x40, 0x00, 0x00, 0x00, 0xc0, 0xff,
  0xff, 0xff, 0x01, 0x00, 0x20, 0x00, 0x03, 0x00, 0x00, 0x00, 0x00, 0x40,
  0x00, 0x00, 0xc4, 0x0e, 0x00, 0x00, 0xc4, 0x0e, 0x00, 0x00, 0x00, 0x00,
  0x00, 0x00, 0x00, 0x00, 0x00, 0x00, 0x00, 0x00, 0xff, 0x00, 0x00, 0xff,
  0x00, 0x00, 0xff, 0x00, 0x00, 0x00, 0x00, 0x00, 0x00, 0xff, 0x42, 0x47,
  0x52, 0x73, 0x00, 0x00, 0x00, 0x00, 0x00, 0x00, 0x00, 0x00, 0x00, 0x00,
  0x00, 0x00, 0x00, 0x00, 0x00, 0x00, 0x00, 0x00, 0x00, 0x00, 0x00, 0x00,
  0x00, 0x00, 0x00, 0x00, 0x00, 0x00, 0x00, 0x00, 0x00, 0x00, 0x00, 0x00,
  0x00, 0x00, 0x00, 0x00, 0x00, 0x00, 0x00, 0x00, 0x00, 0x00, 0x00, 0x00,
  0x00, 0x00, 0x00, 0x00, 0x00, 0x00, 0x00, 0x00, 0x00, 0x00, 0x00, 0x00,
  0x00, 0x00, 0x00, 0x00, 0x00, 0x00, 0x00, 0x00, 0x00, 0x00, 0x00, 0x00,
  0x00, 0x00, 0x00, 0x00, 0x00, 0x00, 0x00, 0x00, 0x00, 0x00, 0x00, 0x2e,
  0x75, 0x32, 0x04, 0x32, 0x81, 0x7f, 0x03, 0x31, 0x80, 0xf8, 0x03, 0x31,
  0x7f, 0xff, 0x03, 0x31, 0x7e, 0xff, 0x03, 0x31, 0x7e, 0xff, 0x03, 0x31,
  0x7e, 0xff, 0x03, 0x31, 0x7e, 0xff, 0x03, 0x31, 0x7e, 0xff, 0x03, 0x31,
  0x7e, 0xff, 0x03, 0x31, 0x7e, 0xff, 0x03, 0x31, 0x7e, 0xff, 0x03, 0x31,
  0x7e, 0xff, 0x03, 0x31, 0x7e, 0xff, 0x03, 0x31, 0x7e, 0xff, 0x03, 0x31,
  0x7e, 0xff, 0x03, 0x31, 0x7e, 0xff, 0x03, 0x31, 0x7e, 0xff, 0x03, 0x31,
  0x7e, 0xff, 0x03, 0x31, 0x7e, 0xff, 0x03, 0x31, 0x7e, 0xff, 0x03, 0x31,
  0x7e, 0xff, 0x03, 0x31, 0x7e, 0xff, 0x03, 0x31, 0x7e, 0xff, 0x03, 0x31,
  0x7e, 0xff, 0x03, 0x31, 0x7e, 0xff, 0x03, 0x31, 0x7e, 0xff, 0x03, 0x31,
  0x7e, 0xff, 0x03, 0x31, 0x7e, 0xff, 0x03, 0x31, 0x7e, 0xff, 0x03, 0x31,
  0x7e, 0xff, 0x03, 0x31, 0x7e, 0xff, 0x03, 0x31, 0x7e, 0xff, 0x03, 0x31,
  0x7e, 0xff, 0x03, 0x31, 0x7e, 0xff, 0x03, 0x31, 0x7e, 0xff, 0x03, 0x31,
  0x7e, 0xff, 0x03, 0x31, 0x7e, 0xff, 0x03, 0x31, 0x7e, 0xff, 0x03, 0x31,
  0x7e, 0xff, 0x03, 0x31, 0x7e, 0xff, 0x03, 0x31, 0x7e, 0xff, 0x03, 0x31,
  0x7e, 0xff, 0x03, 0x31, 0x7e, 0xff, 0x03, 0x31, 0x7e, 0xff, 0x03, 0x31,
  0x7e, 0xff, 0x03, 0x31, 0x7e, 0xff, 0x03, 0x31, 0x7e, 0xff, 0x03, 0x31,
  0x7e, 0xff, 0x03, 0x31, 0x7e, 0xff, 0x03, 0x31, 0x7e, 0xff, 0x03, 0x31,
  0x7e, 0xff, 0x03, 0x31, 0x7f, 0xff, 0x03, 0x31, 0x80, 0xf8, 0x04, 0x31,
  0x7f, 0x81, 0x00, 0x2d, 0x73, 0x33, 0x00, 0x00, 0x00, 0x00, 0x00, 0x00,
  0x00, 0x00, 0x00, 0x00, 0x00, 0x00, 0x00, 0x00, 0x00, 0x00, 0x00, 0x00,
  0x00, 0x00, 0x00, 0x00, 0x00, 0x00, 0x00, 0x26, 0x71, 0x1b, 0x08, 0x35,
  0x86, 0xa8, 0x0f, 0x3b, 0x91, 0xfa, 0x14, 0x3f, 0x9a, 0xff, 0x15, 0x3f,
  0x97, 0xff, 0x15, 0x3f, 0x97, 0xff, 0x15, 0x3f, 0x97, 0xff, 0x15, 0x3e,
  0x97, 0xff, 0x15, 0x3f, 0x97, 0xff, 0x15, 0x3e, 0x97, 0xff, 0x15, 0x3f,
  0x97, 0xff, 0x15, 0x3e, 0x97, 0xff, 0x15, 0x3e, 0x97, 0xff, 0x15, 0x3e,
  0x97, 0xff, 0x15, 0x3e, 0x97, 0xff, 0x15, 0x3e, 0x97, 0xff, 0x15, 0x3f,
  0x97, 0xff, 0x15, 0x3f, 0x97, 0xff, 0x15, 0x3f, 0x97, 0xff, 0x15, 0x3e,
  0x97, 0xff, 0x15, 0x3f, 0x97, 0xff, 0x15, 0x3f, 0x97, 0xff, 0x15, 0x3f,
  0x97, 0xff, 0x15, 0x3e, 0x97, 0xff, 0x15, 0x3e, 0x97, 0xff, 0x15, 0x3e,
  0x97, 0xff, 0x15, 0x3e, 0x97, 0xff, 0x15, 0x3e, 0x97, 0xff, 0x15, 0x3f,
  0x97, 0xff, 0x15, 0x3e, 0x97, 0xff, 0x15, 0x3f, 0x97, 0xff, 0x15, 0x3e,
  0x97, 0xff, 0x15, 0x3f, 0x97, 0xff, 0x15, 0x3f, 0x97, 0xff, 0x15, 0x3f,
  0x97, 0xff, 0x15, 0x3f, 0x97, 0xff, 0x15, 0x3f, 0x97, 0xff, 0x15, 0x3f,
  0x97, 0xff, 0x15, 0x3e, 0x97, 0xff, 0x15, 0x3e, 0x97, 0xff, 0x15, 0x3f,
  0x97, 0xff, 0x15, 0x3e, 0x97, 0xff, 0x15, 0x3e, 0x97, 0xff, 0x15, 0x3f,
  0x97, 0xff, 0x15, 0x3f, 0x97, 0xff, 0x15, 0x3f, 0x97, 0xff, 0x15, 0x3f,
  0x97, 0xff, 0x15, 0x3f, 0x97, 0xff, 0x15, 0x3f, 0x97, 0xff, 0x15, 0x3e,
  0x97, 0xff, 0x15, 0x3f, 0x97, 0xff, 0x15, 0x3e, 0x97, 0xff, 0x15, 0x3f,
  0x97, 0xff, 0x15, 0x3e, 0x97, 0xff, 0x15, 0x3e, 0x97, 0xff, 0x15, 0x3e,
  0x97, 0xff, 0x14, 0x3f, 0x99, 0xff, 0x0f, 0x3b, 0x91, 0xfa, 0x07, 0x34,
  0x83, 0xab, 0x00, 0x1f, 0x5d, 0x21, 0x00, 0x00, 0x00, 0x00, 0x00, 0x00,
  0x00, 0x00, 0x00, 0x00, 0x00, 0x00, 0x00, 0x26, 0x71, 0x1b, 0x0a, 0x36,
  0x89, 0xd3, 0x16, 0x42, 0x9e, 0xff, 0x17, 0x41, 0x9b, 0xff, 0x17, 0x40,
  0x99, 0xff, 0x17, 0x40, 0x99, 0xff, 0x17, 0x40, 0x99, 0xff, 0x17, 0x40,
  0x99, 0xff, 0x16, 0x40, 0x99, 0xff, 0x17, 0x40, 0x99, 0xff, 0x16, 0x40,
  0x99, 0xff, 0x17, 0x40, 0x99, 0xff, 0x16, 0x40, 0x99, 0xff, 0x16, 0x40,
  0x99, 0xff, 0x16, 0x40, 0x99, 0xff, 0x16, 0x40, 0x99, 0xff, 0x16, 0x40,
  0x99, 0xff, 0x17, 0x40, 0x99, 0xff, 0x17, 0x40, 0x99, 0xff, 0x17, 0x40,
  0x99, 0xff, 0x16, 0x40, 0x99, 0xff, 0x17, 0x40, 0x99, 0xff, 0x17, 0x40,
  0x99, 0xff, 0x17, 0x40, 0x99, 0xff, 0x16, 0x40, 0x99, 0xff, 0x16, 0x40,
  0x99, 0xff, 0x16, 0x40, 0x99, 0xff, 0x16, 0x40, 0x99, 0xff, 0x16, 0x40,
  0x99, 0xff, 0x17, 0x40, 0x99, 0xff, 0x16, 0x40, 0x99, 0xff, 0x17, 0x40,
  0x99, 0xff, 0x16, 0x40, 0x99, 0xff, 0x17, 0x40, 0x99, 0xff, 0x17, 0x40,
  0x99, 0xff, 0x17, 0x40, 0x99, 0xff, 0x17, 0x40, 0x99, 0xff, 0x17, 0x40,
  0x99, 0xff, 0x17, 0x40, 0x99, 0xff, 0x16, 0x40, 0x99, 0xff, 0x16, 0x40,
  0x99, 0xff, 0x17, 0x40, 0x99, 0xff, 0x16, 0x40, 0x99, 0xff, 0x16, 0x40,
  0x99, 0xff, 0x17, 0x40, 0x99, 0xff, 0x17, 0x40, 0x99, 0xff, 0x17, 0x40,
  0x99, 0xff, 0x17, 0x40, 0x99, 0xff, 0x17, 0x40, 0x99, 0xff, 0x17, 0x40,
  0x99, 0xff, 0x16, 0x40, 0x99, 0xff, 0x17, 0x40, 0x99, 0xff, 0x16, 0x40,
  0x99, 0xff, 0x17, 0x40, 0x99, 0xff, 0x16, 0x40, 0x99, 0xff, 0x16, 0x40,
  0x99, 0xff, 0x16, 0x40, 0x99, 0xff, 0x16, 0x40, 0x99, 0xff, 0x17, 0x41,
  0x9b, 0xff, 0x16, 0x42, 0x9e, 0xff, 0x09, 0x35, 0x85, 0xd7, 0x00, 0x1a,
  0x48, 0x27, 0x00, 0x00, 0x00, 0x00, 0x00, 0x00, 0x00, 0x01, 0x08, 0x35,
  0x84, 0xaa, 0x16, 0x43, 0xa0, 0xff, 0x17, 0x41, 0x9b, 0xff, 0x17, 0x41,
  0x9b, 0xff, 0x17, 0x41, 0x9b, 0xff, 0x17, 0x41, 0x9b, 0xff, 0x17, 0x41,
  0x9b, 0xff, 0x17, 0x41, 0x9b, 0xff, 0x17, 0x41, 0x9a, 0xff, 0x17, 0x41,
  0x9b, 0xff, 0x17, 0x41, 0x9a, 0xff, 0x17, 0x41, 0x9b, 0xff, 0x17, 0x41,
  0x9a, 0xff, 0x17, 0x41, 0x9a, 0xff, 0x17, 0x41, 0x9a, 0xff, 0x17, 0x41,
  0x9a, 0xff, 0x17, 0x41, 0x9a, 0xff, 0x17, 0x41, 0x9b, 0xff, 0x17, 0x41,
  0x9b, 0xff, 0x17, 0x41, 0x9b, 0xff, 0x17, 0x41, 0x9a, 0xff, 0x17, 0x41,
  0x9b, 0xff, 0x17, 0x41, 0x9b, 0xff, 0x17, 0x41, 0x9b, 0xff, 0x17, 0x41,
  0x9a, 0xff, 0x17, 0x41, 0x9a, 0xff, 0x17, 0x41, 0x9a, 0xff, 0x17, 0x41,
  0x9a, 0xff, 0x17, 0x41, 0x9a, 0xff, 0x17, 0x41, 0x9b, 0xff, 0x17, 0x41,
  0x9a, 0xff, 0x17, 0x41, 0x9b, 0xff, 0x17, 0x41, 0x9a, 0xff, 0x17, 0x41,
  0x9b, 0xff, 0x17, 0x41, 0x9b, 0xff, 0x17, 0x41, 0x9b, 0xff, 0x17, 0x41,
  0x9b, 0xff, 0x17, 0x41, 0x9b, 0xff, 0x17, 0x41, 0x9b, 0xff, 0x17, 0x41,
  0x9a, 0xff, 0x17, 0x41, 0x9a, 0xff, 0x17, 0x41, 0x9b, 0xff, 0x17, 0x41,
  0x9a, 0xff, 0x17, 0x41, 0x9a, 0xff, 0x17, 0x41, 0x9b, 0xff, 0x17, 0x41,
  0x9b, 0xff, 0x17, 0x41, 0x9b, 0xff, 0x17, 0x41, 0x9b, 0xff, 0x17, 0x41,
  0x9b, 0xff, 0x17, 0x41, 0x9b, 0xff, 0x17, 0x41, 0x9a, 0xff, 0x17, 0x41,
  0x9b, 0xff, 0x17, 0x41, 0x9a, 0xff, 0x17, 0x41, 0x9b, 0xff, 0x17, 0x41,
  0x9a, 0xff, 0x17, 0x41, 0x9a, 0xff, 0x17, 0x41, 0x9a, 0xff, 0x17, 0x41,
  0x9a, 0xff, 0x17, 0x41, 0x9a, 0xff, 0x17, 0x41, 0x9b, 0xff, 0x16, 0x43,
  0xa0, 0xff, 0x07, 0x30, 0x7b, 0xb5, 0x00, 0x00, 0x00, 0x11, 0x00, 0x2c,
  0x74, 0x2e, 0x10, 0x3c, 0x92, 0xfb, 0x19, 0x43, 0x9e, 0xff, 0x18, 0x42,
  0x9c, 0xff, 0x18, 0x42, 0x9c, 0xff, 0x18, 0x42, 0x9c, 0xff, 0x18, 0x42,
  0x9c, 0xff, 0x18, 0x42, 0x9c, 0xff, 0x18, 0x42, 0x9c, 0xff, 0x17, 0x42,
  0x9c, 0xff, 0x18, 0x42, 0x9c, 0xff, 0x17, 0x42, 0x9c, 0xff, 0x18, 0x42,
  0x9c, 0xff, 0x17, 0x42, 0x9c, 0xff, 0x17, 0x42, 0x9c, 0xff, 0x17, 0x42,
  0x9c, 0xff, 0x17, 0x42, 0x9c, 0xff, 0x17, 0x42, 0x9c, 0xff, 0x18, 0x42,
  0x9c, 0xff, 0x18, 0x42, 0x9c, 0xff, 0x18, 0x42, 0x9c, 0xff, 0x17, 0x42,
  0x9c, 0xff, 0x18, 0x42, 0x9c, 0xff, 0x18, 0x42, 0x9c, 0xff, 0x18, 0x42,
  0x9c, 0xff, 0x17, 0x42, 0x9c, 0xff, 0x17, 0x42, 0x9c, 0xff, 0x17, 0x42,
  0x9c, 0xff, 0x17, 0x42, 0x9c, 0xff, 0x17, 0x42, 0x9c, 0xff, 0x18, 0x42,
  0x9c, 0xff, 0x17, 0x42, 0x9c, 0xff, 0x18, 0x42, 0x9c, 0xff, 0x17, 0x42,
  0x9c, 0xff, 0x18, 0x42, 0x9c, 0xff, 0x18, 0x42, 0x9c, 0xff, 0x18, 0x42,
  0x9c, 0xff, 0x18, 0x42, 0x9c, 0xff, 0x18, 0x42, 0x9c, 0xff, 0x18, 0x42,
  0x9c, 0xff, 0x17, 0x42, 0x9c, 0xff, 0x17, 0x42, 0x9c, 0xff, 0x18, 0x42,
  0x9c, 0xff, 0x17, 0x42, 0x9c, 0xff, 0x17, 0x42, 0x9c, 0xff, 0x18, 0x42,
  0x9c, 0xff, 0x18, 0x42, 0x9c, 0xff, 0x18, 0x42, 0x9c, 0xff, 0x18, 0x42,
  0x9c, 0xff, 0x18, 0x42, 0x9c, 0xff, 0x18, 0x42, 0x9c, 0xff, 0x17, 0x42,
  0x9c, 0xff, 0x18, 0x42, 0x9c, 0xff, 0x17, 0x42, 0x9c, 0xff, 0x18, 0x42,
  0x9c, 0xff, 0x17, 0x42, 0x9c, 0xff, 0x17, 0x42, 0x9c, 0xff, 0x17, 0x42,
  0x9c, 0xff, 0x17, 0x42, 0x9c, 0xff, 0x17, 0x42, 0x9c, 0xff, 0x18, 0x42,
  0x9c, 0xff, 0x19, 0x43, 0x9e, 0xff, 0x10, 0x3c, 0x92, 0xfc, 0x00, 0x19,
  0x41, 0x52, 0x04, 0x31, 0x80, 0x82, 0x16, 0x43, 0x9f, 0xff, 0x19, 0x43,
  0x9e, 0xff, 0x18, 0x43, 0x9e, 0xff, 0x18, 0x43, 0x9e, 0xff, 0x18, 0x43,
  0x9e, 0xff, 0x18, 0x43, 0x9e, 0xff, 0x18, 0x43, 0x9e, 0xff, 0x18, 0x43,
  0x9e, 0xff, 0x18, 0x42, 0x9d, 0xff, 0x18, 0x43, 0x9e, 0xff, 0x18, 0x42,
  0x9d, 0xff, 0x18, 0x43, 0x9e, 0xff, 0x18, 0x42, 0x9d, 0xff, 0x18, 0x42,
  0x9d, 0xff, 0x18, 0x42, 0x9d, 0xff, 0x18, 0x42, 0x9d, 0xff, 0x18, 0x42,
  0x9d, 0xff, 0x18, 0x43, 0x9e, 0xff, 0x18, 0x43, 0x9e, 0xff, 0x18, 0x43,
  0x9e, 0xff, 0x18, 0x42, 0x9d, 0xff, 0x18, 0x43, 0x9e, 0xff, 0x18, 0x43,
  0x9e, 0xff, 0x18, 0x43, 0x9e, 0xff, 0x18, 0x42, 0x9d, 0xff, 0x18, 0x42,
  0x9d, 0xff, 0x18, 0x42, 0x9d, 0xff, 0x18, 0x42, 0x9d, 0xff, 0x18, 0x42,
  0x9d, 0xff, 0x18, 0x43, 0x9e, 0xff, 0x18, 0x42, 0x9d, 0xff, 0x18, 0x43,
  0x9e, 0xff, 0x18, 0x42, 0x9d, 0xff, 0x18, 0x43, 0x9e, 0xff, 0x18, 0x43,
  0x9e, 0xff, 0x18, 0x43, 0x9e, 0xff, 0x18, 0x43, 0x9e, 0xff, 0x18, 0x43,
  0x9e, 0xff, 0x18, 0x43, 0x9e, 0xff, 0x18, 0x42, 0x9d, 0xff, 0x18, 0x42,
  0x9d, 0xff, 0x18, 0x43, 0x9e, 0xff, 0x18, 0x42, 0x9d, 0xff, 0x18, 0x42,
  0x9d, 0xff, 0x18, 0x43, 0x9e, 0xff, 0x18, 0x43, 0x9e, 0xff, 0x18, 0x43,
  0x9e, 0xff, 0x18, 0x43, 0x9e, 0xff, 0x18, 0x43, 0x9e, 0xff, 0x18, 0x43,
  0x9e, 0xff, 0x18, 0x42, 0x9d, 0xff, 0x18, 0x43, 0x9e, 0xff, 0x18, 0x42,
  0x9d, 0xff, 0x18, 0x43, 0x9e, 0xff, 0x18, 0x42, 0x9d, 0xff, 0x18, 0x42,
  0x9d, 0xff, 0x18, 0x42, 0x9d, 0xff, 0x18, 0x42, 0x9d, 0xff, 0x18, 0x42,
  0x9d, 0xff, 0x18, 0x43, 0x9e, 0xff, 0x19, 0x43, 0x9e, 0xff, 0x16, 0x43,
  0x9f, 0xff, 0x03, 0x29, 0x67, 0x9c, 0x04, 0x32, 0x80, 0xfa, 0x18, 0x43,
  0x9e, 0xff, 0x19, 0x44, 0x9f, 0xff, 0x19, 0x44, 0x9f, 0xff, 0x19, 0x44,
  0x9f, 0xff, 0x19, 0x44, 0x9f, 0xff, 0x19, 0x44, 0x9f, 0xff, 0x19, 0x44,
  0x9f, 0xff, 0x19, 0x44, 0x9f, 0xff, 0x19, 0x43, 0x9f, 0xff, 0x19, 0x44,
  0x9f, 0xff, 0x19, 0x43, 0x9f, 0xff, 0x19, 0x44, 0x9f, 0xff, 0x19, 0x43,
  0x9f, 0xff, 0x19, 0x43, 0x9f, 0xff, 0x19, 0x43, 0x9f, 0xff, 0x19, 0x43,
  0x9f, 0xff, 0x19, 0x43, 0x9f, 0xff, 0x19, 0x44, 0x9f, 0xff, 0x19, 0x44,
  0x9f, 0xff, 0x19, 0x44, 0x9f, 0xff, 0x19, 0x43, 0x9f, 0xff, 0x19, 0x44,
  0x9f, 0xff, 0x19, 0x44, 0x9f, 0xff, 0x19, 0x44, 0x9f, 0xff, 0x19, 0x43,
  0x9f, 0xff, 0x19, 0x43, 0x9f, 0xff, 0x19, 0x43, 0x9f, 0xff, 0x19, 0x43,
  0x9f, 0xff, 0x19, 0x43, 0x9f, 0xff, 0x19, 0x44, 0x9f, 0xff, 0x19, 0x43,
  0x9f, 0xff, 0x19, 0x44, 0x9f, 0xff, 0x19, 0x43, 0x9f, 0xff, 0x19, 0x44,
  0x9f, 0xff, 0x19, 0x44, 0x9f, 0xff, 0x19, 0x44, 0x9f, 0xff, 0x19, 0x44,
  0x9f, 0xff, 0x19, 0x44, 0x9f, 0xff, 0x19, 0x44, 0x9f, 0xff, 0x19, 0x43,
  0x9f, 0xff, 0x19, 0x43, 0x9f, 0xff, 0x19, 0x44, 0x9f, 0xff, 0x19, 0x43,
  0x9f, 0xff, 0x19, 0x43, 0x9f, 0xff, 0x19, 0x44, 0x9f, 0xff, 0x19, 0x44,
  0x9f, 0xff, 0x19, 0x44, 0x9f, 0xff, 0x19, 0x44, 0x9f, 0xff, 0x19, 0x44,
  0x9f, 0xff, 0x19, 0x44, 0x9f, 0xff, 0x19, 0x43, 0x9f, 0xff, 0x19, 0x44,
  0x9f, 0xff, 0x19, 0x43, 0x9f, 0xff, 0x19, 0x44, 0x9f, 0xff, 0x19, 0x43,
  0x9f, 0xff, 0x19, 0x43, 0x9f, 0xff, 0x19, 0x43, 0x9f, 0xff, 0x19, 0x43,
  0x9f, 0xff, 0x19, 0x43, 0x9f, 0xff, 0x19, 0x44, 0x9f, 0xff, 0x19, 0x44,
  0x9f, 0xff, 0x18, 0x43, 0x9e, 0xff, 0x05, 0x32, 0x80, 0xf8, 0x04, 0x32,
  0x80, 0xff, 0x19, 0x44, 0x9f, 0xff, 0x1a, 0x45, 0xa1, 0xff, 0x1a, 0x45,
  0xa1, 0xff, 0x1a, 0x45, 0xa1, 0xff, 0x1a, 0x45, 0xa1, 0xff, 0x1a, 0x45,
  0xa1, 0xff, 0x1a, 0x45, 0xa1, 0xff, 0x1a, 0x45, 0xa1, 0xff, 0x19, 0x44,
  0xa0, 0xff, 0x1a, 0x45, 0xa1, 0xff, 0x19, 0x44, 0xa0, 0xff, 0x1a, 0x45,
  0xa1, 0xff, 0x19, 0x44, 0xa0, 0xff, 0x19, 0x44, 0xa0, 0xff, 0x19, 0x44,
  0xa0, 0xff, 0x19, 0x44, 0xa0, 0xff, 0x19, 0x44, 0xa1, 0xff, 0x1a, 0x46,
  0xa6, 0xff, 0x1a, 0x44, 0xa0, 0xff, 0x1a, 0x44, 0xa0, 0xff, 0x19, 0x44,
  0xa0, 0xff, 0x1a, 0x45, 0xa1, 0xff, 0x1a, 0x45, 0xa1, 0xff, 0x1a, 0x45,
  0xa1, 0xff, 0x19, 0x44, 0xa0, 0xff, 0x19, 0x44, 0xa0, 0xff, 0x19, 0x44,
  0xa0, 0xff, 0x19, 0x44, 0xa0, 0xff, 0x19, 0x44, 0xa0, 0xff, 0x1a, 0x45,
  0xa1, 0xff, 0x19, 0x44, 0xa0, 0xff, 0x1a, 0x45, 0xa1, 0xff, 0x19, 0x44,
  0xa0, 0xff, 0x1a, 0x45, 0xa1, 0xff, 0x1a, 0x45, 0xa1, 0xff, 0x1a, 0x45,
  0xa1, 0xff, 0x1a, 0x45, 0xa1, 0xff, 0x1a, 0x45, 0xa1, 0xff, 0x1a, 0x45,
  0xa1, 0xff, 0x19, 0x44, 0xa0, 0xff, 0x19, 0x44, 0xa0, 0xff, 0x1a, 0x45,
  0xa1, 0xff, 0x19, 0x44, 0xa0, 0xff, 0x19, 0x44, 0xa0, 0xff, 0x1a, 0x46,
  0xa5, 0xff, 0x1a, 0x45, 0xa1, 0xff, 0x1a, 0x44, 0xa1, 0xff, 0x1a, 0x45,
  0xa1, 0xff, 0x1a, 0x44, 0xa1, 0xff, 0x1a, 0x44, 0xa1, 0xff, 0x1a, 0x44,
  0xa0, 0xff, 0x1a, 0x45, 0xa1, 0xff, 0x19, 0x44, 0xa0, 0xff, 0x1a, 0x45,
  0xa1, 0xff, 0x19, 0x44, 0xa0, 0xff, 0x19, 0x44, 0xa0, 0xff, 0x19, 0x44,
  0xa0, 0xff, 0x19, 0x44, 0xa0, 0xff, 0x19, 0x44, 0xa0, 0xff, 0x1a, 0x45,
  0xa1, 0xff, 0x1a, 0x45, 0xa1, 0xff, 0x19, 0x44, 0x9f, 0xff, 0x04, 0x32,
  0x80, 0xff, 0x04, 0x32, 0x80, 0xff, 0x19, 0x45, 0xa1, 0xff, 0x1a, 0x45,
  0xa2, 0xff, 0x1a, 0x45, 0xa2, 0xff, 0x1a, 0x45, 0xa2, 0xff, 0x1a, 0x45,
  0xa2, 0xff, 0x1a, 0x45, 0xa2, 0xff, 0x1a, 0x45, 0xa2, 0xff, 0x1a, 0x45,
  0xa2, 0xff, 0x1a, 0x45, 0xa2, 0xff, 0x1a, 0x45, 0xa2, 0xff, 0x1a, 0x45,
  0xa2, 0xff, 0x1a, 0x45, 0xa2, 0xff, 0x1a, 0x45, 0xa2, 0xff, 0x1a, 0x45,
  0xa2, 0xff, 0x1a, 0x45, 0xa2, 0xff, 0x1a, 0x46, 0xa5, 0xff, 0x1a, 0x46,
  0xa4, 0xff, 0x18, 0x31, 0x67, 0xff, 0x18, 0x37, 0x7b, 0xff, 0x1a, 0x46,
  0xa6, 0xff, 0x1a, 0x45, 0xa2, 0xff, 0x1a, 0x45, 0xa2, 0xff, 0x1a, 0x45,
  0xa2, 0xff, 0x1a, 0x45, 0xa2, 0xff, 0x1a, 0x45, 0xa2, 0xff, 0x1a, 0x45,
  0xa2, 0xff, 0x1a, 0x45, 0xa2, 0xff, 0x1a, 0x45, 0xa2, 0xff, 0x1a, 0x45,
  0xa2, 0xff, 0x1a, 0x45, 0xa2, 0xff, 0x1a, 0x45, 0xa2, 0xff, 0x1a, 0x45,
  0xa2, 0xff, 0x1a, 0x45, 0xa2, 0xff, 0x1a, 0x45, 0xa2, 0xff, 0x1a, 0x45,
  0xa2, 0xff, 0x1a, 0x45, 0xa2, 0xff, 0x1a, 0x45, 0xa2, 0xff, 0x1a, 0x45,
  0xa2, 0xff, 0x1a, 0x45, 0xa2, 0xff, 0x1a, 0x45, 0xa2, 0xff, 0x1a, 0x45,
  0xa2, 0xff, 0x1a, 0x45, 0xa2, 0xff, 0x1a, 0x46, 0xa5, 0xff, 0x18, 0x3a,
  0x84, 0xff, 0x18, 0x31, 0x69, 0xff, 0x1a, 0x46, 0xa4, 0xff, 0x1b, 0x46,
  0xa5, 0xff, 0x1a, 0x45, 0xa2, 0xff, 0x1a, 0x45, 0xa2, 0xff, 0x1a, 0x45,
  0xa2, 0xff, 0x1a, 0x45, 0xa2, 0xff, 0x1a, 0x45, 0xa2, 0xff, 0x1a, 0x45,
  0xa2, 0xff, 0x1a, 0x45, 0xa2, 0xff, 0x1a, 0x45, 0xa2, 0xff, 0x1a, 0x45,
  0xa2, 0xff, 0x1a, 0x45, 0xa2, 0xff, 0x1a, 0x45, 0xa2, 0xff, 0x1a, 0x45,
  0xa2, 0xff, 0x1a, 0x45, 0xa2, 0xff, 0x1a, 0x45, 0xa2, 0xff, 0x19, 0x45,
  0xa1, 0xff, 0x04, 0x32, 0x80, 0xff, 0x04, 0x32, 0x80, 0xff, 0x1a, 0x45,
  0xa2, 0xff, 0x1b, 0x46, 0xa4, 0xff, 0x1b, 0x46, 0xa4, 0xff, 0x1b, 0x46,
  0xa4, 0xff, 0x1b, 0x46, 0xa4, 0xff, 0x1b, 0x46, 0xa4, 0xff, 0x1b, 0x46,
  0xa4, 0xff, 0x1b, 0x46, 0xa4, 0xff, 0x1b, 0x46, 0xa3, 0xff, 0x1b, 0x46,
  0xa4, 0xff, 0x1b, 0x46, 0xa3, 0xff, 0x1b, 0x46, 0xa4, 0xff, 0x1b, 0x46,
  0xa3, 0xff, 0x1b, 0x46, 0xa3, 0xff, 0x1b, 0x48, 0xa8, 0xff, 0x1a, 0x42,
  0x97, 0xff, 0x17, 0x21, 0x38, 0xff, 0x16, 0x16, 0x16, 0xff, 0x1a, 0x42,
  0x98, 0xff, 0x1b, 0x47, 0xa5, 0xff, 0x1b, 0x46, 0xa3, 0xff, 0x1b, 0x46,
  0xa4, 0xff, 0x1b, 0x46, 0xa4, 0xff, 0x1b, 0x46, 0xa4, 0xff, 0x1b, 0x46,
  0xa3, 0xff, 0x1b, 0x46, 0xa3, 0xff, 0x1b, 0x46, 0xa3, 0xff, 0x1b, 0x46,
  0xa3, 0xff, 0x1b, 0x46, 0xa3, 0xff, 0x1b, 0x46, 0xa4, 0xff, 0x1b, 0x46,
  0xa3, 0xff, 0x1b, 0x46, 0xa4, 0xff, 0x1b, 0x46, 0xa3, 0xff, 0x1b, 0x46,
  0xa4, 0xff, 0x1b, 0x46, 0xa4, 0xff, 0x1b, 0x46, 0xa4, 0xff, 0x1b, 0x46,
  0xa4, 0xff, 0x1b, 0x46, 0xa4, 0xff, 0x1b, 0x46, 0xa4, 0xff, 0x1b, 0x46,
  0xa3, 0xff, 0x1b, 0x46, 0xa3, 0xff, 0x1b, 0x46, 0xa4, 0xff, 0x1b, 0x47,
  0xa5, 0xff, 0x1a, 0x44, 0x9d, 0xff, 0x16, 0x18, 0x1d, 0xff, 0x17, 0x20,
  0x35, 0xff, 0x1a, 0x41, 0x94, 0xff, 0x1b, 0x48, 0xa9, 0xff, 0x1b, 0x46,
  0xa3, 0xff, 0x1b, 0x46, 0xa4, 0xff, 0x1b, 0x46, 0xa3, 0xff, 0x1b, 0x46,
  0xa4, 0xff, 0x1b, 0x46, 0xa3, 0xff, 0x1b, 0x46, 0xa4, 0xff, 0x1b, 0x46,
  0xa3, 0xff, 0x1b, 0x46, 0xa3, 0xff, 0x1b, 0x46, 0xa3, 0xff, 0x1b, 0x46,
  0xa3, 0xff, 0x1b, 0x46, 0xa3, 0xff, 0x1b, 0x46, 0xa4, 0xff, 0x1b, 0x46,
  0xa4, 0xff, 0x1a, 0x45, 0xa2, 0xff, 0x04, 0x32, 0x80, 0xff, 0x04, 0x32,
  0x80, 0xff, 0x1b, 0x46, 0xa4, 0xff, 0x1c, 0x47, 0xa5, 0xff, 0x1c, 0x47,
  0xa5, 0xff, 0x1c, 0x47, 0xa5, 0xff, 0x1c, 0x47, 0xa5, 0xff, 0x1c, 0x47,
  0xa5, 0xff, 0x1c, 0x47, 0xa5, 0xff, 0x1c, 0x47, 0xa5, 0xff, 0x1b, 0x47,
  0xa5, 0xff, 0x1c, 0x47, 0xa5, 0xff, 0x1b, 0x47, 0xa5, 0xff, 0x1c, 0x47,
  0xa5, 0xff, 0x1b, 0x47, 0xa5, 0xff, 0x1c, 0x49, 0xaa, 0xff, 0x1a, 0x3d,
  0x8b, 0xff, 0x16, 0x19, 0x1f, 0xff, 0x17, 0x0d, 0x00, 0xff, 0x18, 0x29,
  0x4f, 0xff, 0x1c, 0x49, 0xac, 0xff, 0x1c, 0x47, 0xa5, 0xff, 0x1b, 0x47,
  0xa5, 0xff, 0x1c, 0x47, 0xa5, 0xff, 0x1c, 0x47, 0xa5, 0xff, 0x1c, 0x47,
  0xa5, 0xff, 0x1b, 0x47, 0xa5, 0xff, 0x1b, 0x47, 0xa5, 0xff, 0x1b, 0x47,
  0xa5, 0xff, 0x1b, 0x47, 0xa5, 0xff, 0x1b, 0x47, 0xa5, 0xff, 0x1c, 0x47,
  0xa5, 0xff, 0x1b, 0x48, 0xa7, 0xff, 0x1c, 0x48, 0xa7, 0xff, 0x1b, 0x47,
  0xa5, 0xff, 0x1c, 0x47, 0xa5, 0xff, 0x1c, 0x47, 0xa5, 0xff, 0x1c, 0x47,
  0xa5, 0xff, 0x1c, 0x47, 0xa5, 0xff, 0x1c, 0x47, 0xa5, 0xff, 0x1c, 0x47,
  0xa5, 0xff, 0x1b, 0x47, 0xa5, 0xff, 0x1b, 0x47, 0xa5, 0xff, 0x1c, 0x47,
  0xa5, 0xff, 0x1c, 0x47, 0xa5, 0xff, 0x1c, 0x49, 0xac, 0xff, 0x18, 0x2c,
  0x57, 0xff, 0x16, 0x0d, 0x00, 0xff, 0x16, 0x17, 0x1b, 0xff, 0x19, 0x3c,
  0x86, 0xff, 0x1c, 0x49, 0xab, 0xff, 0x1c, 0x47, 0xa5, 0xff, 0x1b, 0x47,
  0xa5, 0xff, 0x1c, 0x47, 0xa5, 0xff, 0x1b, 0x47, 0xa5, 0xff, 0x1c, 0x47,
  0xa5, 0xff, 0x1b, 0x47, 0xa5, 0xff, 0x1b, 0x47, 0xa5, 0xff, 0x1b, 0x47,
  0xa5, 0xff, 0x1b, 0x47, 0xa5, 0xff, 0x1b, 0x47, 0xa5, 0xff, 0x1c, 0x47,
  0xa5, 0xff, 0x1c, 0x47, 0xa5, 0xff, 0x1b, 0x46, 0xa4, 0xff, 0x04, 0x32,
  0x80, 0xff, 0x04, 0x33, 0x80, 0xff, 0x1b, 0x47, 0xa5, 0xff, 0x1c, 0x48,
  0xa7, 0xff, 0x1c, 0x48, 0xa7, 0xff, 0x1c, 0x48, 0xa7, 0xff, 0x1c, 0x48,
  0xa7, 0xff, 0x1c, 0x48, 0xa7, 0xff, 0x1c, 0x48, 0xa7, 0xff, 0x1c, 0x48,
  0xa7, 0xff, 0x1c, 0x48, 0xa6, 0xff, 0x1c, 0x48, 0xa7, 0xff, 0x1c, 0x48,
  0xa6, 0xff, 0x1c, 0x48, 0xa6, 0xff, 0x1d, 0x4a, 0xab, 0xff, 0x1a, 0x3f,
  0x8d, 0xff, 0x16, 0x16, 0x17, 0xff, 0x16, 0x10, 0x02, 0xff, 0x17, 0x11,
  0x07, 0xff, 0x1a, 0x3a, 0x80, 0xff, 0x1c, 0x4a, 0xab, 0xff, 0x1c, 0x48,
  0xa7, 0xff, 0x1c, 0x48, 0xa6, 0xff, 0x1c, 0x48, 0xa7, 0xff, 0x1c, 0x48,
  0xa7, 0xff, 0x1c, 0x48, 0xa7, 0xff, 0x1c, 0x48, 0xa6, 0xff, 0x1c, 0x48,
  0xa6, 0xff, 0x1c, 0x48, 0xa6, 0xff, 0x1c, 0x48, 0xa6, 0xff, 0x1c, 0x48,
  0xa6, 0xff, 0x1c, 0x49, 0xa8, 0xff, 0x1b, 0x42, 0x98, 0xff, 0x1b, 0x43,
  0x98, 0xff, 0x1c, 0x49, 0xa8, 0xff, 0x1c, 0x48, 0xa7, 0xff, 0x1c, 0x48,
  0xa7, 0xff, 0x1c, 0x48, 0xa7, 0xff, 0x1c, 0x48, 0xa7, 0xff, 0x1c, 0x48,
  0xa7, 0xff, 0x1c, 0x48, 0xa7, 0xff, 0x1c, 0x48, 0xa6, 0xff, 0x1c, 0x48,
  0xa6, 0xff, 0x1c, 0x48, 0xa6, 0xff, 0x1c, 0x48, 0xa6, 0xff, 0x1c, 0x4a,
  0xab, 0xff, 0x1a, 0x3c, 0x85, 0xff, 0x16, 0x12, 0x09, 0xff, 0x16, 0x10,
  0x02, 0xff, 0x15, 0x14, 0x12, 0xff, 0x1a, 0x3c, 0x85, 0xff, 0x1d, 0x4a,
  0xac, 0xff, 0x1c, 0x48, 0xa6, 0xff, 0x1c, 0x48, 0xa7, 0xff, 0x1c, 0x48,
  0xa6, 0xff, 0x1c, 0x48, 0xa7, 0xff, 0x1c, 0x48, 0xa6, 0xff, 0x1c, 0x48,
  0xa6, 0xff, 0x1c, 0x48, 0xa6, 0xff, 0x1c, 0x48, 0xa6, 0xff, 0x1c, 0x48,
  0xa6, 0xff, 0x1c, 0x48, 0xa7, 0xff, 0x1c, 0x48, 0xa7, 0xff, 0x1b, 0x47,
  0xa5, 0xff, 0x04, 0x33, 0x80, 0xff, 0x04, 0x33, 0x81, 0xff, 0x1c, 0x48,
  0xa7, 0xff, 0x1d, 0x49, 0xa8, 0xff, 0x1d, 0x49, 0xa8, 0xff, 0x1d, 0x49,
  0xa8, 0xff, 0x1d, 0x49, 0xa8, 0xff, 0x1d, 0x49, 0xa8, 0xff, 0x1d, 0x49,
  0xa8, 0xff, 0x1d, 0x49, 0xa8, 0xff, 0x1d, 0x49, 0xa8, 0xff, 0x1d, 0x49,
  0xa8, 0xff, 0x1d, 0x49, 0xa8, 0xff, 0x1d, 0x4a, 0xab, 0xff, 0x1c, 0x44,
  0x9c, 0xff, 0x17, 0x19, 0x21, 0xff, 0x17, 0x10, 0x03, 0xff, 0x29, 0x23,
  0x16, 0xff, 0x18, 0x17, 0x18, 0xff, 0x1c, 0x45, 0x9d, 0xff, 0x1d, 0x49,
  0xaa, 0xff, 0x1d, 0x49, 0xa8, 0xff, 0x1d, 0x49, 0xa8, 0xff, 0x1d, 0x49,
  0xa8, 0xff, 0x1d, 0x49, 0xa8, 0xff, 0x1d, 0x49, 0xa9, 0xff, 0x1d, 0x4a,
  0xac, 0xff, 0x1d, 0x49, 0xa8, 0xff, 0x1d, 0x49, 0xa8, 0xff, 0x1d, 0x49,
  0xa8, 0xff, 0x1d, 0x49, 0xa8, 0xff, 0x1d, 0x4b, 0xaf, 0xff, 0x17, 0x27,
  0x48, 0xff, 0x18, 0x29, 0x4f, 0xff, 0x1d, 0x4b, 0xaf, 0xff, 0x1d, 0x49,
  0xa8, 0xff, 0x1d, 0x49, 0xa8, 0xff, 0x1d, 0x49, 0xa8, 0xff, 0x1d, 0x49,
  0xa8, 0xff, 0x1d, 0x4a, 0xac, 0xff, 0x1d, 0x49, 0xa9, 0xff, 0x1d, 0x49,
  0xa8, 0xff, 0x1d, 0x49, 0xa8, 0xff, 0x1d, 0x49, 0xa8, 0xff, 0x1d, 0x49,
  0xa8, 0xff, 0x1d, 0x49, 0xa9, 0xff, 0x1c, 0x46, 0x9f, 0xff, 0x17, 0x18,
  0x1b, 0xff, 0x29, 0x23, 0x16, 0xff, 0x18, 0x11, 0x04, 0xff, 0x16, 0x16,
  0x19, 0xff, 0x1b, 0x42, 0x96, 0xff, 0x1d, 0x4a, 0xab, 0xff, 0x1d, 0x49,
  0xa8, 0xff, 0x1d, 0x49, 0xa8, 0xff, 0x1d, 0x49, 0xa8, 0xff, 0x1d, 0x49,
  0xa8, 0xff, 0x1d, 0x49, 0xa8, 0xff, 0x1d, 0x49, 0xa8, 0xff, 0x1d, 0x49,
  0xa8, 0xff, 0x1d, 0x49, 0xa8, 0xff, 0x1d, 0x49, 0xa8, 0xff, 0x1d, 0x49,
  0xa8, 0xff, 0x1c, 0x48, 0xa7, 0xff, 0x04, 0x33, 0x81, 0xff, 0x04, 0x33,
  0x81, 0xff, 0x1d, 0x49, 0xa8, 0xff, 0x1e, 0x4a, 0xaa, 0xff, 0x1e, 0x4a,
  0xaa, 0xff, 0x1e, 0x4a, 0xaa, 0xff, 0x1e, 0x4a, 0xaa, 0xff, 0x1e, 0x4a,
  0xaa, 0xff, 0x1e, 0x4a, 0xaa, 0xff, 0x1e, 0x4a, 0xaa, 0xff, 0x1d, 0x4a,
  0xa9, 0xff, 0x1e, 0x4a, 0xaa, 0xff, 0x1e, 0x4a, 0xaa, 0xff, 0x1d, 0x4b,
  0xad, 0xff, 0x18, 0x24, 0x40, 0xff, 0x14, 0x0d, 0x00, 0xff, 0x2d, 0x27,
  0x1c, 0xff, 0x30, 0x29, 0x1a, 0xff, 0x15, 0x1b, 0x27, 0xff, 0x1d, 0x49,
  0xa9, 0xff, 0x1e, 0x4a, 0xaa, 0xff, 0x1e, 0x4a, 0xaa, 0xff, 0x1d, 0x4a,
  0xa9, 0xff, 0x1e, 0x4a, 0xaa, 0xff, 0x1e, 0x4c, 0xae, 0xff, 0x1e, 0x4a,
  0xab, 0xff, 0x1b, 0x3d, 0x88, 0xff, 0x1d, 0x49, 0xa7, 0xff, 0x1e, 0x4a,
  0xaa, 0xff, 0x1d, 0x4a, 0xa9, 0xff, 0x1e, 0x4b, 0xad, 0xff, 0x1c, 0x42,
  0x95, 0xff, 0x16, 0x12, 0x0d, 0xff, 0x16, 0x14, 0x12, 0xff, 0x1c, 0x44,
  0x9b, 0xff, 0x1e, 0x4b, 0xac, 0xff, 0x1e, 0x4a, 0xaa, 0xff, 0x1e, 0x4a,
  0xaa, 0xff, 0x1d, 0x4a, 0xa9, 0xff, 0x1b, 0x3d, 0x88, 0xff, 0x1d, 0x4a,
  0xa9, 0xff, 0x1e, 0x4c, 0xae, 0xff, 0x1d, 0x4a, 0xa9, 0xff, 0x1e, 0x4a,
  0xaa, 0xff, 0x1d, 0x4a, 0xa9, 0xff, 0x1e, 0x4a, 0xaa, 0xff, 0x1d, 0x4a,
  0xaa, 0xff, 0x15, 0x1c, 0x2b, 0xff, 0x30, 0x29, 0x1a, 0xff, 0x2e, 0x28,
  0x1c, 0xff, 0x14, 0x0d, 0x00, 0xff, 0x17, 0x21, 0x37, 0xff, 0x1d, 0x4a,
  0xab, 0xff, 0x1e, 0x4a, 0xaa, 0xff, 0x1d, 0x4a, 0xa9, 0xff, 0x1e, 0x4a,
  0xaa, 0xff, 0x1d, 0x4a, 0xa9, 0xff, 0x1d, 0x4a, 0xa9, 0xff, 0x1d, 0x4a,
  0xa9, 0xff, 0x1d, 0x4a, 0xa9, 0xff, 0x1d, 0x4a, 0xa9, 0xff, 0x1e, 0x4a,
  0xaa, 0xff, 0x1e, 0x4a, 0xaa, 0xff, 0x1d, 0x49, 0xa8, 0xff, 0x04, 0x33,
  0x81, 0xff, 0x04, 0x33, 0x81, 0xff, 0x1d, 0x4a, 0xa9, 0xff, 0x1e, 0x4b,
  0xab, 0xff, 0x1e, 0x4b, 0xab, 0xff, 0x1e, 0x4b, 0xab, 0xff, 0x1e, 0x4b,
  0xab, 0xff, 0x1e, 0x4b, 0xab, 0xff, 0x1e, 0x4b, 0xab, 0xff, 0x1e, 0x4b,
  0xab, 0xff, 0x1e, 0x4b, 0xab, 0xff, 0x1e, 0x4b, 0xab, 0xff, 0x1e, 0x4d,
  0xb0, 0xff, 0x1b, 0x3a, 0x7c, 0xff, 0x15, 0x0f, 0x04, 0xff, 0x1e, 0x19,
  0x0e, 0xff, 0x42, 0x3c, 0x2d, 0xff, 0x2a, 0x23, 0x14, 0xff, 0x16, 0x1d,
  0x2d, 0xff, 0x1e, 0x4b, 0xad, 0xff, 0x1e, 0x4b, 0xab, 0xff, 0x1e, 0x4b,
  0xab, 0xff, 0x1e, 0x4c, 0xae, 0xff, 0x1e, 0x4d, 0xb1, 0xff, 0x1c, 0x3f,
  0x8a, 0xff, 0x18, 0x21, 0x38, 0xff, 0x16, 0x10, 0x05, 0xff, 0x1a, 0x36,
  0x71, 0xff, 0x1e, 0x4d, 0xb2, 0xff, 0x1e, 0x4b, 0xab, 0xff, 0x1e, 0x4d,
  0xb2, 0xff, 0x18, 0x29, 0x4e, 0xff, 0x16, 0x0f, 0x01, 0xff, 0x15, 0x0e,
  0x01, 0xff, 0x19, 0x2d, 0x59, 0xff, 0x1e, 0x4d, 0xb2, 0xff, 0x1e, 0x4b,
  0xab, 0xff, 0x1f, 0x4d, 0xb1, 0xff, 0x1b, 0x39, 0x7c, 0xff, 0x16, 0x10,
  0x06, 0xff, 0x17, 0x1f, 0x32, 0xff, 0x1b, 0x3d, 0x85, 0xff, 0x1e, 0x4c,
  0xb0, 0xff, 0x1e, 0x4c, 0xaf, 0xff, 0x1e, 0x4a, 0xab, 0xff, 0x1e, 0x4b,
  0xab, 0xff, 0x1e, 0x4c, 0xae, 0xff, 0x15, 0x1e, 0x30, 0xff, 0x2a, 0x22,
  0x14, 0xff, 0x43, 0x3c, 0x2e, 0xff, 0x1f, 0x19, 0x0e, 0xff, 0x15, 0x0e,
  0x01, 0xff, 0x1a, 0x36, 0x72, 0xff, 0x1e, 0x4d, 0xb1, 0xff, 0x1e, 0x4b,
  0xab, 0xff, 0x1e, 0x4b, 0xab, 0xff, 0x1e, 0x4b, 0xab, 0xff, 0x1e, 0x4b,
  0xab, 0xff, 0x1e, 0x4b, 0xab, 0xff, 0x1e, 0x4b, 0xab, 0xff, 0x1e, 0x4b,
  0xab, 0xff, 0x1e, 0x4b, 0xab, 0xff, 0x1e, 0x4b, 0xab, 0xff, 0x1d, 0x4a,
  0xa9, 0xff, 0x04, 0x33, 0x81, 0xff, 0x04, 0x33, 0x81, 0xff, 0x1e, 0x4b,
  0xab, 0xff, 0x1f, 0x4c, 0xad, 0xff, 0x1f, 0x4c, 0xad, 0xff, 0x1f, 0x4c,
  0xad, 0xff, 0x1f, 0x4c, 0xad, 0xff, 0x1f, 0x4c, 0xad, 0xff, 0x1f, 0x4c,
  0xad, 0xff, 0x1f, 0x4c, 0xad, 0xff, 0x1f, 0x4b, 0xac, 0xff, 0x1f, 0x4c,
  0xad, 0xff, 0x1f, 0x4c, 0xae, 0xff, 0x17, 0x1f, 0x31, 0xff, 0x14, 0x0e,
  0x01, 0xff, 0x31, 0x2c, 0x1f, 0xff, 0x44, 0x3e, 0x30, 0xff, 0x29, 0x22,
  0x14, 0xff, 0x16, 0x19, 0x21, 0xff, 0x1e, 0x4a, 0xaa, 0xff, 0x1f, 0x4c,
  0xad, 0xff, 0x1f, 0x4c, 0xae, 0xff, 0x1d, 0x43, 0x95, 0xff, 0x18, 0x27,
  0x48, 0xff, 0x16, 0x11, 0x0a, 0xff, 0x16, 0x0f, 0x01, 0xff, 0x16, 0x10,
  0x03, 0xff, 0x17, 0x17, 0x1a, 0xff, 0x1e, 0x47, 0xa1, 0xff, 0x20, 0x50,
  0xb8, 0xff, 0x1d, 0x44, 0x97, 0xff, 0x16, 0x11, 0x0b, 0xff, 0x15, 0x27,
  0x41, 0xff, 0x14, 0x27, 0x41, 0xff, 0x16, 0x13, 0x12, 0xff, 0x1e, 0x47,
  0xa0, 0xff, 0x20, 0x4f, 0xb7, 0xff, 0x1e, 0x48, 0xa4, 0xff, 0x17, 0x19,
  0x1f, 0xff, 0x16, 0x0f, 0x03, 0xff, 0x16, 0x0f, 0x02, 0xff, 0x16, 0x11,
  0x08, 0xff, 0x18, 0x25, 0x42, 0xff, 0x1d, 0x41, 0x91, 0xff, 0x1f, 0x4c,
  0xae, 0xff, 0x1f, 0x4c, 0xad, 0xff, 0x1e, 0x4b, 0xab, 0xff, 0x15, 0x19,
  0x23, 0xff, 0x28, 0x21, 0x14, 0xff, 0x45, 0x3e, 0x2f, 0xff, 0x33, 0x2d,
  0x20, 0xff, 0x15, 0x0e, 0x02, 0xff, 0x17, 0x1c, 0x28, 0xff, 0x1e, 0x4b,
  0xab, 0xff, 0x1f, 0x4c, 0xad, 0xff, 0x1f, 0x4c, 0xad, 0xff, 0x1f, 0x4b,
  0xac, 0xff, 0x1f, 0x4b, 0xac, 0xff, 0x1f, 0x4b, 0xac, 0xff, 0x1f, 0x4b,
  0xac, 0xff, 0x1f, 0x4b, 0xac, 0xff, 0x1f, 0x4c, 0xad, 0xff, 0x1f, 0x4c,
  0xad, 0xff, 0x1e, 0x4b, 0xab, 0xff, 0x04, 0x33, 0x81, 0xff, 0x05, 0x33,
  0x81, 0xff, 0x1f, 0x4c, 0xac, 0xff, 0x20, 0x4d, 0xae, 0xff, 0x20, 0x4d,
  0xae, 0xff, 0x20, 0x4d, 0xae, 0xff, 0x20, 0x4d, 0xae, 0xff, 0x20, 0x4d,
  0xae, 0xff, 0x20, 0x4d, 0xae, 0xff, 0x20, 0x4d, 0xae, 0xff, 0x1f, 0x4c,
  0xae, 0xff, 0x20, 0x4e, 0xb2, 0xff, 0x1d, 0x41, 0x8f, 0xff, 0x15, 0x11,
  0x08, 0xff, 0x1a, 0x14, 0x0a, 0xff, 0x3e, 0x38, 0x2a, 0xff, 0x43, 0x3c,
  0x2e, 0xff, 0x2b, 0x25, 0x1a, 0xff, 0x14, 0x10, 0x08, 0xff, 0x1d, 0x40,
  0x8b, 0xff, 0x20, 0x4f, 0xb5, 0xff, 0x1f, 0x4d, 0xaf, 0xff, 0x18, 0x1f,
  0x31, 0xff, 0x16, 0x0d, 0x00, 0xff, 0x16, 0x10, 0x06, 0xff, 0x16, 0x11,
  0x07, 0xff, 0x16, 0x11, 0x07, 0xff, 0x16, 0x0f, 0x02, 0xff, 0x18, 0x22,
  0x3a, 0xff, 0x19, 0x2a, 0x51, 0xff, 0x17, 0x19, 0x22, 0xff, 0x16, 0x0b,
  0x00, 0xff, 0x12, 0x43, 0x92, 0xff, 0x12, 0x44, 0x94, 0xff, 0x16, 0x0c,
  0x00, 0xff, 0x17, 0x1b, 0x26, 0xff, 0x19, 0x2b, 0x52, 0xff, 0x18, 0x23,
  0x3c, 0xff, 0x16, 0x0f, 0x02, 0xff, 0x16, 0x11, 0x08, 0xff, 0x16, 0x11,
  0x07, 0xff, 0x16, 0x11, 0x07, 0xff, 0x16, 0x0e, 0x00, 0xff, 0x18, 0x1f,
  0x32, 0xff, 0x1f, 0x4d, 0xb0, 0xff, 0x20, 0x4f, 0xb5, 0xff, 0x1d, 0x3f,
  0x89, 0xff, 0x14, 0x10, 0x08, 0xff, 0x2a, 0x24, 0x19, 0xff, 0x43, 0x3d,
  0x2e, 0xff, 0x3f, 0x38, 0x2a, 0xff, 0x1b, 0x15, 0x0b, 0xff, 0x15, 0x10,
  0x06, 0xff, 0x1d, 0x3f, 0x89, 0xff, 0x20, 0x4e, 0xb2, 0xff, 0x20, 0x4d,
  0xae, 0xff, 0x1f, 0x4c, 0xae, 0xff, 0x1f, 0x4c, 0xae, 0xff, 0x1f, 0x4c,
  0xae, 0xff, 0x1f, 0x4c, 0xae, 0xff, 0x1f, 0x4c, 0xae, 0xff, 0x20, 0x4d,
  0xae, 0xff, 0x20, 0x4d, 0xae, 0xff, 0x1f, 0x4c, 0xac, 0xff, 0x05, 0x33,
  0x81, 0xff, 0x05, 0x33, 0x82, 0xff, 0x1f, 0x4d, 0xae, 0xff, 0x20, 0x4e,
  0xb0, 0xff, 0x20, 0x4e, 0xb0, 0xff, 0x20, 0x4d, 0xb0, 0xff, 0x20, 0x4d,
  0xb0, 0xff, 0x20, 0x4d, 0xb0, 0xff, 0x20, 0x4d, 0xb0, 0xff, 0x20, 0x4d,
  0xb0, 0xff, 0x20, 0x4d, 0xaf, 0xff, 0x20, 0x50, 0xb7, 0xff, 0x1b, 0x32,
  0x65, 0xff, 0x14, 0x0d, 0x00, 0xff, 0x22, 0x1c, 0x12, 0xff, 0x42, 0x3c,
  0x2e, 0xff, 0x42, 0x3c, 0x2d, 0xff, 0x37, 0x30, 0x24, 0xff, 0x16, 0x0f,
  0x03, 0xff, 0x18, 0x1e, 0x2d, 0xff, 0x1f, 0x4a, 0xa6, 0xff, 0x21, 0x52,
  0xbd, 0xff, 0x1a, 0x2f, 0x5d, 0xff, 0x16, 0x0f, 0x01, 0xff, 0x16, 0x11,
  0x07, 0xff, 0x16, 0x11, 0x07, 0xff, 0x16, 0x11, 0x07, 0xff, 0x16, 0x11,
  0x07, 0xff, 0x16, 0x0f, 0x03, 0xff, 0x16, 0x0e, 0x00, 0xff, 0x16, 0x0f,
  0x02, 0xff, 0x16, 0x11, 0x07, 0xff, 0x11, 0x59, 0xd0, 0xff, 0x10, 0x5a,
  0xd2, 0xff, 0x16, 0x11, 0x08, 0xff, 0x16, 0x0f, 0x02, 0xff, 0x16, 0x0e,
  0x00, 0xff, 0x16, 0x0f, 0x03, 0xff, 0x16, 0x11, 0x07, 0xff, 0x16, 0x11,
  0x08, 0xff, 0x16, 0x11, 0x07, 0xff, 0x16, 0x11, 0x08, 0xff, 0x16, 0x0f,
  0x01, 0xff, 0x1b, 0x32, 0x64, 0xff, 0x21, 0x53, 0xbd, 0xff, 0x1f, 0x48,
  0xa3, 0xff, 0x18, 0x1c, 0x29, 0xff, 0x15, 0x0f, 0x03, 0xff, 0x35, 0x2f,
  0x22, 0xff, 0x43, 0x3c, 0x2e, 0xff, 0x42, 0x3c, 0x2d, 0xff, 0x22, 0x1d,
  0x12, 0xff, 0x15, 0x0d, 0x00, 0xff, 0x1b, 0x30, 0x5f, 0xff, 0x20, 0x50,
  0xb7, 0xff, 0x20, 0x4d, 0xb0, 0xff, 0x20, 0x4d, 0xaf, 0xff, 0x20, 0x4d,
  0xaf, 0xff, 0x20, 0x4d, 0xaf, 0xff, 0x20, 0x4d, 0xaf, 0xff, 0x20, 0x4d,
  0xaf, 0xff, 0x20, 0x4e, 0xb0, 0xff, 0x20, 0x4e, 0xb0, 0xff, 0x1f, 0x4d,
  0xae, 0xff, 0x05, 0x33, 0x82, 0xff, 0x05, 0x34, 0x82, 0xff, 0x20, 0x4e,
  0xaf, 0xff, 0x21, 0x4f, 0xb1, 0xff, 0x21, 0x4e, 0xb1, 0xff, 0x21, 0x4e,
  0xb1, 0xff, 0x21, 0x4e, 0xb1, 0xff, 0x21, 0x4e, 0xb1, 0xff, 0x21, 0x4e,
  0xb1, 0xff, 0x21, 0x4e, 0xb1, 0xff, 0x21, 0x4e, 0xb1, 0xff, 0x21, 0x51,
  0xb7, 0xff, 0x1a, 0x27, 0x46, 0xff, 0x14, 0x0d, 0x00, 0xff, 0x26, 0x21,
  0x16, 0xff, 0x43, 0x3d, 0x2e, 0xff, 0x41, 0x3b, 0x2c, 0xff, 0x42, 0x3b,
  0x2d, 0xff, 0x28, 0x22, 0x18, 0xff, 0x14, 0x0d, 0x00, 0xff, 0x17, 0x1b,
  0x26, 0xff, 0x1e, 0x41, 0x8c, 0xff, 0x1d, 0x3e, 0x87, 0xff, 0x16, 0x11,
  0x07, 0xff, 0x16, 0x11, 0x07, 0xff, 0x16, 0x11, 0x07, 0xff, 0x16, 0x11,
  0x07, 0xff, 0x16, 0x11, 0x07, 0xff, 0x16, 0x10, 0x07, 0xff, 0x16, 0x10,
  0x07, 0xff, 0x16, 0x0e, 0x02, 0xff, 0x15, 0x1f, 0x2d, 0xff, 0x10, 0x67,
  0xf7, 0xff, 0x10, 0x67, 0xf8, 0xff, 0x15, 0x1f, 0x2e, 0xff, 0x16, 0x0f,
  0x02, 0xff, 0x16, 0x11, 0x07, 0xff, 0x16, 0x11, 0x07, 0xff, 0x16, 0x11,
  0x07, 0xff, 0x16, 0x11, 0x07, 0xff, 0x16, 0x11, 0x07, 0xff, 0x16, 0x11,
  0x07, 0xff, 0x16, 0x12, 0x09, 0xff, 0x1d, 0x40, 0x8b, 0xff, 0x1d, 0x3f,
  0x88, 0xff, 0x17, 0x1a, 0x22, 0xff, 0x14, 0x0d, 0x00, 0xff, 0x25, 0x20,
  0x15, 0xff, 0x41, 0x3b, 0x2d, 0xff, 0x41, 0x3b, 0x2c, 0xff, 0x43, 0x3c,
  0x2d, 0xff, 0x26, 0x21, 0x16, 0xff, 0x15, 0x0d, 0x00, 0xff, 0x19, 0x26,
  0x41, 0xff, 0x21, 0x50, 0xb7, 0xff, 0x21, 0x4e, 0xb1, 0xff, 0x21, 0x4e,
  0xb1, 0xff, 0x21, 0x4e, 0xb1, 0xff, 0x21, 0x4e, 0xb1, 0xff, 0x21, 0x4e,
  0xb1, 0xff, 0x21, 0x4e, 0xb1, 0xff, 0x21, 0x4e, 0xb1, 0xff, 0x21, 0x4f,
  0xb1, 0xff, 0x20, 0x4e, 0xaf, 0xff, 0x05, 0x34, 0x82, 0xff, 0x05, 0x34,
  0x82, 0xff, 0x20, 0x4e, 0xb1, 0xff, 0x22, 0x4f, 0xb3, 0xff, 0x22, 0x4f,
  0xb3, 0xff, 0x22, 0x4f, 0xb3, 0xff, 0x22, 0x4f, 0xb3, 0xff, 0x22, 0x4f,
  0xb3, 0xff, 0x22, 0x4f, 0xb3, 0xff, 0x22, 0x4f, 0xb3, 0xff, 0x22, 0x4f,
  0xb3, 0xff, 0x21, 0x50, 0xb7, 0xff, 0x19, 0x22, 0x38, 0xff, 0x14, 0x0d,
  0x00, 0xff, 0x23, 0x1e, 0x13, 0xff, 0x43, 0x3d, 0x2e, 0xff, 0x41, 0x3b,
  0x2d, 0xff, 0x41, 0x3b, 0x2d, 0xff, 0x41, 0x3b, 0x2d, 0xff, 0x2a, 0x24,
  0x19, 0xff, 0x17, 0x10, 0x04, 0xff, 0x16, 0x12, 0x0a, 0xff, 0x17, 0x17,
  0x19, 0xff, 0x16, 0x11, 0x08, 0xff, 0x16, 0x11, 0x07, 0xff, 0x16, 0x11,
  0x07, 0xff, 0x16, 0x11, 0x07, 0xff, 0x16, 0x0e, 0x02, 0xff, 0x16, 0x0c,
  0x00, 0xff, 0x16, 0x10, 0x06, 0xff, 0x16, 0x0c, 0x00, 0xff, 0x13, 0x35,
  0x6b, 0xff, 0x0f, 0x6c, 0xff, 0xff, 0x0f, 0x6c, 0xff, 0xff, 0x13, 0x36,
  0x6b, 0xff, 0x16, 0x0d, 0x00, 0xff, 0x16, 0x11, 0x07, 0xff, 0x16, 0x0d,
  0x00, 0xff, 0x16, 0x0f, 0x03, 0xff, 0x16, 0x11, 0x08, 0xff, 0x16, 0x11,
  0x07, 0xff, 0x16, 0x11, 0x07, 0xff, 0x16, 0x11, 0x08, 0xff, 0x17, 0x17,
  0x18, 0xff, 0x17, 0x12, 0x0a, 0xff, 0x17, 0x11, 0x04, 0xff, 0x28, 0x22,
  0x17, 0xff, 0x40, 0x3a, 0x2d, 0xff, 0x42, 0x3b, 0x2d, 0xff, 0x41, 0x3b,
  0x2c, 0xff, 0x43, 0x3c, 0x2d, 0xff, 0x23, 0x1e, 0x13, 0xff, 0x15, 0x0e,
  0x01, 0xff, 0x18, 0x20, 0x32, 0xff, 0x21, 0x50, 0xb5, 0xff, 0x22, 0x4f,
  0xb3, 0xff, 0x21, 0x4f, 0xb2, 0xff, 0x21, 0x4f, 0xb2, 0xff, 0x21, 0x4f,
  0xb2, 0xff, 0x21, 0x4f, 0xb2, 0xff, 0x21, 0x4f, 0xb2, 0xff, 0x22, 0x4f,
  0xb3, 0xff, 0x22, 0x4f, 0xb3, 0xff, 0x20, 0x4e, 0xb1, 0xff, 0x05, 0x34,
  0x82, 0xff, 0x05, 0x34, 0x82, 0xff, 0x21, 0x4f, 0xb2, 0xff, 0x22, 0x50,
  0xb4, 0xff, 0x22, 0x50, 0xb4, 0xff, 0x22, 0x50, 0xb4, 0xff, 0x22, 0x50,
  0xb4, 0xff, 0x22, 0x50, 0xb4, 0xff, 0x22, 0x50, 0xb4, 0xff, 0x22, 0x50,
  0xb4, 0xff, 0x22, 0x50, 0xb4, 0xff, 0x22, 0x52, 0xb9, 0xff, 0x19, 0x23,
  0x3b, 0xff, 0x16, 0x0e, 0x00, 0xff, 0x18, 0x12, 0x09, 0xff, 0x37, 0x31,
  0x25, 0xff, 0x43, 0x3c, 0x2e, 0xff, 0x41, 0x3b, 0x2d, 0xff, 0x42, 0x3c,
  0x2d, 0xff, 0x44, 0x3d, 0x2f, 0xff, 0x25, 0x20, 0x15, 0xff, 0x14, 0x0e,
  0x04, 0xff, 0x16, 0x10, 0x05, 0xff, 0x16, 0x11, 0x08, 0xff, 0x16, 0x11,
  0x07, 0xff, 0x16, 0x10, 0x06, 0xff, 0x16, 0x0d, 0x00, 0xff, 0x15, 0x1f,
  0x2d, 0xff, 0x13, 0x43, 0x8a, 0xff, 0x14, 0x36, 0x6b, 0xff, 0x16, 0x0b,
  0x00, 0xff, 0x12, 0x4d, 0xad, 0xff, 0x0f, 0x6b, 0xff, 0xff, 0x0f, 0x6b,
  0xff, 0xff, 0x12, 0x4e, 0xaf, 0xff, 0x16, 0x0b, 0x00, 0xff, 0x14, 0x39,
  0x70, 0xff, 0x13, 0x41, 0x85, 0xff, 0x16, 0x1e, 0x2a, 0xff, 0x16, 0x0e,
  0x00, 0xff, 0x16, 0x11, 0x07, 0xff, 0x16, 0x11, 0x08, 0xff, 0x16, 0x11,
  0x08, 0xff, 0x16, 0x10, 0x06, 0xff, 0x14, 0x0e, 0x05, 0xff, 0x23, 0x1d,
  0x13, 0xff, 0x43, 0x3d, 0x2f, 0xff, 0x42, 0x3c, 0x2e, 0xff, 0x41, 0x3b,
  0x2d, 0xff, 0x43, 0x3d, 0x2e, 0xff, 0x38, 0x31, 0x24, 0xff, 0x18, 0x13,
  0x09, 0xff, 0x16, 0x0f, 0x01, 0xff, 0x19, 0x20, 0x33, 0xff, 0x22, 0x51,
  0xb7, 0xff, 0x22, 0x50, 0xb4, 0xff, 0x22, 0x50, 0xb4, 0xff, 0x22, 0x50,
  0xb4, 0xff, 0x22, 0x50, 0xb4, 0xff, 0x22, 0x50, 0xb4, 0xff, 0x22, 0x50,
  0xb4, 0xff, 0x22, 0x50, 0xb4, 0xff, 0x22, 0x50, 0xb4, 0xff, 0x21, 0x4f,
  0xb2, 0xff, 0x05, 0x34, 0x82, 0xff, 0x05, 0x34, 0x83, 0xff, 0x22, 0x50,
  0xb4, 0xff, 0x23, 0x51, 0xb6, 0xff, 0x23, 0x51, 0xb6, 0xff, 0x23, 0x51,
  0xb5, 0xff, 0x23, 0x51, 0xb5, 0xff, 0x23, 0x51, 0xb5, 0xff, 0x23, 0x51,
  0xb5, 0xff, 0x23, 0x51, 0xb5, 0xff, 0x23, 0x51, 0xb5, 0xff, 0x23, 0x53,
  0xbb, 0xff, 0x1d, 0x39, 0x76, 0xff, 0x16, 0x0e, 0x01, 0xff, 0x15, 0x10,
  0x05, 0xff, 0x1a, 0x15, 0x0c, 0xff, 0x37, 0x31, 0x24, 0xff, 0x43, 0x3c,
  0x2e, 0xff, 0x43, 0x3d, 0x2e, 0xff, 0x36, 0x30, 0x24, 0xff, 0x16, 0x11,
  0x08, 0xff, 0x26, 0x20, 0x15, 0xff, 0x1a, 0x15, 0x0b, 0xff, 0x15, 0x10,
  0x07, 0xff, 0x16, 0x10, 0x07, 0xff, 0x16, 0x11, 0x08, 0xff, 0x14, 0x3f,
  0x84, 0xff, 0x10, 0x66, 0xf2, 0xff, 0x0f, 0x6f, 0xff, 0xff, 0x14, 0x2f,
  0x59, 0xff, 0x16, 0x13, 0x0e, 0xff, 0x10, 0x60, 0xe4, 0xff, 0x0f, 0x69,
  0xff, 0xff, 0x0f, 0x69, 0xff, 0xff, 0x10, 0x5f, 0xe3, 0xff, 0x16, 0x13,
  0x0d, 0xff, 0x14, 0x33, 0x64, 0xff, 0x0f, 0x70, 0xff, 0xff, 0x10, 0x66,
  0xf0, 0xff, 0x13, 0x3d, 0x7f, 0xff, 0x16, 0x10, 0x07, 0xff, 0x16, 0x11,
  0x07, 0xff, 0x15, 0x10, 0x07, 0xff, 0x1a, 0x14, 0x0b, 0xff, 0x27, 0x21,
  0x16, 0xff, 0x17, 0x12, 0x08, 0xff, 0x34, 0x2e, 0x22, 0xff, 0x43, 0x3d,
  0x2f, 0xff, 0x43, 0x3d, 0x2e, 0xff, 0x38, 0x31, 0x24, 0xff, 0x1a, 0x15,
  0x0b, 0xff, 0x16, 0x10, 0x06, 0xff, 0x16, 0x0e, 0x00, 0xff, 0x1d, 0x36,
  0x6c, 0xff, 0x23, 0x53, 0xbb, 0xff, 0x23, 0x51, 0xb5, 0xff, 0x23, 0x51,
  0xb5, 0xff, 0x23, 0x51, 0xb5, 0xff, 0x23, 0x51, 0xb5, 0xff, 0x23, 0x51,
  0xb5, 0xff, 0x23, 0x51, 0xb5, 0xff, 0x23, 0x51, 0xb6, 0xff, 0x23, 0x51,
  0xb6, 0xff, 0x22, 0x50, 0xb4, 0xff, 0x05, 0x34, 0x83, 0xff, 0x05, 0x34,
  0x83, 0xff, 0x22, 0x51, 0xb5, 0xff, 0x24, 0x52, 0xb7, 0xff, 0x23, 0x52,
  0xb7, 0xff, 0x23, 0x52, 0xb7, 0xff, 0x23, 0x52, 0xb7, 0xff, 0x23, 0x52,
  0xb7, 0xff, 0x23, 0x52, 0xb7, 0xff, 0x23, 0x52, 0xb7, 0xff, 0x23, 0x52,
  0xb7, 0xff, 0x23, 0x52, 0xb7, 0xff, 0x24, 0x53, 0xbb, 0xff, 0x1b, 0x30,
  0x5e, 0xff, 0x15, 0x0f, 0x01, 0xff, 0x15, 0x10, 0x05, 0xff, 0x18, 0x12,
  0x09, 0xff, 0x32, 0x2c, 0x20, 0xff, 0x43, 0x3d, 0x2f, 0xff, 0x1f, 0x1a,
  0x10, 0xff, 0x1f, 0x19, 0x0f, 0xff, 0x43, 0x3c, 0x2e, 0xff, 0x3a, 0x34,
  0x27, 0xff, 0x20, 0x1a, 0x10, 0xff, 0x15, 0x10, 0x06, 0xff, 0x16, 0x10,
  0x06, 0xff, 0x13, 0x4b, 0xa5, 0xff, 0x0f, 0x6e, 0xff, 0xff, 0x10, 0x64,
  0xf1, 0xff, 0x15, 0x19, 0x1d, 0xff, 0x14, 0x27, 0x44, 0xff, 0x0f, 0x6a,
  0xff, 0xff, 0x0f, 0x68, 0xfe, 0xff, 0x0f, 0x68, 0xfe, 0xff, 0x0f, 0x6a,
  0xfe, 0xff, 0x14, 0x27, 0x42, 0xff, 0x15, 0x1c, 0x26, 0xff, 0x10, 0x67,
  0xf7, 0xff, 0x0f, 0x6d, 0xff, 0xff, 0x13, 0x44, 0x90, 0xff, 0x16, 0x0f,
  0x04, 0xff, 0x16, 0x11, 0x07, 0xff, 0x1e, 0x19, 0x0f, 0xff, 0x39, 0x33,
  0x26, 0xff, 0x43, 0x3d, 0x2f, 0xff, 0x21, 0x1c, 0x11, 0xff, 0x1f, 0x1a,
  0x10, 0xff, 0x43, 0x3d, 0x2f, 0xff, 0x33, 0x2d, 0x20, 0xff, 0x18, 0x12,
  0x09, 0xff, 0x15, 0x0f, 0x05, 0xff, 0x16, 0x0f, 0x01, 0xff, 0x1b, 0x2e,
  0x57, 0xff, 0x23, 0x53, 0xb9, 0xff, 0x23, 0x52, 0xb7, 0xff, 0x23, 0x52,
  0xb7, 0xff, 0x23, 0x52, 0xb7, 0xff, 0x23, 0x52, 0xb7, 0xff, 0x23, 0x52,
  0xb7, 0xff, 0x23, 0x52, 0xb7, 0xff, 0x23, 0x52, 0xb7, 0xff, 0x23, 0x52,
  0xb7, 0xff, 0x24, 0x52, 0xb7, 0xff, 0x22, 0x51, 0xb5, 0xff, 0x05, 0x34,
  0x83, 0xff, 0x05, 0x34, 0x83, 0xff, 0x23, 0x52, 0xb6, 0xff, 0x24, 0x53,
  0xb9, 0xff, 0x24, 0x53, 0xb8, 0xff, 0x24, 0x53, 0xb8, 0xff, 0x24, 0x53,
  0xb8, 0xff, 0x24, 0x53, 0xb8, 0xff, 0x24, 0x53, 0xb8, 0xff, 0x24, 0x53,
  0xb8, 0xff, 0x24, 0x53, 0xb8, 0xff, 0x24, 0x53, 0xb8, 0xff, 0x24, 0x53,
  0xb9, 0xff, 0x24, 0x55, 0xbd, 0xff, 0x1c, 0x32, 0x62, 0xff, 0x16, 0x0f,
  0x03, 0xff, 0x16, 0x10, 0x05, 0xff, 0x16, 0x11, 0x08, 0xff, 0x27, 0x21,
  0x17, 0xff, 0x16, 0x11, 0x08, 0xff, 0x30, 0x2a, 0x1e, 0xff, 0x43, 0x3d,
  0x2e, 0xff, 0x43, 0x3c, 0x2e, 0xff, 0x3b, 0x35, 0x28, 0xff, 0x18, 0x12,
  0x09, 0xff, 0x14, 0x0e, 0x03, 0xff, 0x16, 0x13, 0x0e, 0xff, 0x12, 0x4d,
  0xaa, 0xff, 0x11, 0x57, 0xc9, 0xff, 0x16, 0x0e, 0x01, 0xff, 0x15, 0x24,
  0x3d, 0xff, 0x0f, 0x69, 0xfb, 0xff, 0x0f, 0x68, 0xfe, 0xff, 0x0f, 0x68,
  0xfe, 0xff, 0x0f, 0x69, 0xfc, 0xff, 0x14, 0x27, 0x42, 0xff, 0x16, 0x10,
  0x05, 0xff, 0x11, 0x5b, 0xd2, 0xff, 0x13, 0x44, 0x94, 0xff, 0x16, 0x10,
  0x06, 0xff, 0x14, 0x0e, 0x04, 0xff, 0x17, 0x12, 0x09, 0xff, 0x3b, 0x34,
  0x27, 0xff, 0x43, 0x3d, 0x2e, 0xff, 0x43, 0x3d, 0x2e, 0xff, 0x31, 0x2b,
  0x1f, 0xff, 0x17, 0x12, 0x08, 0xff, 0x28, 0x22, 0x18, 0xff, 0x16, 0x11,
  0x08, 0xff, 0x16, 0x10, 0x05, 0xff, 0x16, 0x0f, 0x02, 0xff, 0x1c, 0x30,
  0x5d, 0xff, 0x24, 0x54, 0xbc, 0xff, 0x24, 0x53, 0xba, 0xff, 0x24, 0x53,
  0xb8, 0xff, 0x24, 0x53, 0xb8, 0xff, 0x24, 0x53, 0xb8, 0xff, 0x24, 0x53,
  0xb8, 0xff, 0x24, 0x53, 0xb8, 0xff, 0x24, 0x53, 0xb8, 0xff, 0x24, 0x53,
  0xb8, 0xff, 0x24, 0x53, 0xb8, 0xff, 0x24, 0x53, 0xb9, 0xff, 0x23, 0x52,
  0xb7, 0xff, 0x05, 0x34, 0x83, 0xff, 0x05, 0x34, 0x83, 0xff, 0x23, 0x53,
  0xb8, 0xff, 0x25, 0x54, 0xba, 0xff, 0x25, 0x54, 0xba, 0xff, 0x25, 0x54,
  0xba, 0xff, 0x25, 0x54, 0xba, 0xff, 0x25, 0x54, 0xba, 0xff, 0x25, 0x54,
  0xba, 0xff, 0x25, 0x54, 0xba, 0xff, 0x24, 0x54, 0xba, 0xff, 0x25, 0x54,
  0xba, 0xff, 0x24, 0x54, 0xba, 0xff, 0x25, 0x54, 0xbb, 0xff, 0x25, 0x56,
  0xc0, 0xff, 0x1e, 0x37, 0x6f, 0xff, 0x17, 0x12, 0x0c, 0xff, 0x16, 0x11,
  0x06, 0xff, 0x16, 0x10, 0x07, 0xff, 0x15, 0x10, 0x07, 0xff, 0x34, 0x2d,
  0x21, 0xff, 0x44, 0x3d, 0x2f, 0xff, 0x43, 0x3d, 0x2e, 0xff, 0x2b, 0x25,
  0x1a, 0xff, 0x17, 0x12, 0x09, 0xff, 0x28, 0x22, 0x17, 0xff, 0x16, 0x10,
  0x05, 0xff, 0x16, 0x12, 0x0b, 0xff, 0x16, 0x20, 0x2f, 0xff, 0x16, 0x0f,
  0x05, 0xff, 0x16, 0x10, 0x07, 0xff, 0x11, 0x55, 0xc4, 0xff, 0x0f, 0x6a,
  0xff, 0xff, 0x0f, 0x6a, 0xff, 0xff, 0x11, 0x57, 0xc8, 0xff, 0x16, 0x11,
  0x09, 0xff, 0x16, 0x10, 0x06, 0xff, 0x16, 0x20, 0x2e, 0xff, 0x16, 0x10,
  0x06, 0xff, 0x16, 0x10, 0x06, 0xff, 0x27, 0x21, 0x16, 0xff, 0x18, 0x13,
  0x09, 0xff, 0x2b, 0x25, 0x1a, 0xff, 0x43, 0x3d, 0x2f, 0xff, 0x44, 0x3d,
  0x2f, 0xff, 0x34, 0x2e, 0x21, 0xff, 0x15, 0x10, 0x07, 0xff, 0x16, 0x11,
  0x07, 0xff, 0x16, 0x11, 0x07, 0xff, 0x17, 0x12, 0x0a, 0xff, 0x1d, 0x35,
  0x6a, 0xff, 0x25, 0x56, 0xc0, 0xff, 0x25, 0x54, 0xbb, 0xff, 0x25, 0x54,
  0xba, 0xff, 0x24, 0x54, 0xba, 0xff, 0x25, 0x54, 0xba, 0xff, 0x24, 0x54,
  0xba, 0xff, 0x24, 0x54, 0xba, 0xff, 0x24, 0x54, 0xba, 0xff, 0x24, 0x54,
  0xba, 0xff, 0x24, 0x54, 0xba, 0xff, 0x25, 0x54, 0xba, 0xff, 0x25, 0x54,
  0xba, 0xff, 0x23, 0x53, 0xb8, 0xff, 0x05, 0x34, 0x83, 0xff, 0x05, 0x34,
  0x83, 0xff, 0x24, 0x53, 0xb9, 0xff, 0x25, 0x55, 0xbc, 0xff, 0x25, 0x55,
  0xbb, 0xff, 0x25, 0x55, 0xbb, 0xff, 0x25, 0x55, 0xbb, 0xff, 0x25, 0x55,
  0xbb, 0xff, 0x25, 0x55, 0xbb, 0xff, 0x25, 0x55, 0xbb, 0xff, 0x25, 0x55,
  0xbb, 0xff, 0x25, 0x55, 0xbb, 0xff, 0x25, 0x55, 0xbb, 0xff, 0x25, 0x55,
  0xbb, 0xff, 0x25, 0x55, 0xbc, 0xff, 0x26, 0x59, 0xc6, 0xff, 0x1b, 0x2b,
  0x50, 0xff, 0x16, 0x0f, 0x01, 0xff, 0x17, 0x12, 0x08, 0xff, 0x16, 0x11,
  0x07, 0xff, 0x1d, 0x18, 0x0e, 0xff, 0x3b, 0x35, 0x28, 0xff, 0x3f, 0x39,
  0x2b, 0xff, 0x19, 0x14, 0x0a, 0xff, 0x26, 0x21, 0x16, 0xff, 0x44, 0x3e,
  0x2f, 0xff, 0x31, 0x2c, 0x20, 0xff, 0x17, 0x11, 0x07, 0xff, 0x15, 0x0e,
  0x02, 0xff, 0x16, 0x11, 0x08, 0xff, 0x16, 0x0c, 0x00, 0xff, 0x13, 0x34,
  0x67, 0xff, 0x0f, 0x6c, 0xff, 0xff, 0x0f, 0x6b, 0xff, 0xff, 0x13, 0x35,
  0x69, 0xff, 0x16, 0x0d, 0x00, 0xff, 0x16, 0x11, 0x08, 0xff, 0x16, 0x0f,
  0x03, 0xff, 0x16, 0x11, 0x07, 0xff, 0x2f, 0x29, 0x1e, 0xff, 0x44, 0x3d,
  0x2f, 0xff, 0x26, 0x21, 0x16, 0xff, 0x19, 0x14, 0x0a, 0xff, 0x40, 0x3a,
  0x2c, 0xff, 0x3a, 0x34, 0x27, 0xff, 0x1d, 0x18, 0x0d, 0xff, 0x16, 0x11,
  0x07, 0xff, 0x17, 0x12, 0x09, 0xff, 0x16, 0x0f, 0x01, 0xff, 0x1b, 0x29,
  0x48, 0xff, 0x26, 0x58, 0xc5, 0xff, 0x25, 0x55, 0xbc, 0xff, 0x25, 0x54,
  0xbb, 0xff, 0x25, 0x55, 0xbb, 0xff, 0x25, 0x55, 0xbb, 0xff, 0x25, 0x55,
  0xbb, 0xff, 0x25, 0x55, 0xbb, 0xff, 0x25, 0x55, 0xbb, 0xff, 0x25, 0x55,
  0xbb, 0xff, 0x25, 0x55, 0xbb, 0xff, 0x25, 0x55, 0xbb, 0xff, 0x25, 0x55,
  0xbb, 0xff, 0x25, 0x55, 0xbc, 0xff, 0x24, 0x53, 0xb9, 0xff, 0x05, 0x34,
  0x83, 0xff, 0x05, 0x35, 0x84, 0xff, 0x25, 0x54, 0xbb, 0xff, 0x26, 0x56,
  0xbd, 0xff, 0x26, 0x56, 0xbd, 0xff, 0x26, 0x56, 0xbd, 0xff, 0x26, 0x56,
  0xbd, 0xff, 0x26, 0x56, 0xbd, 0xff, 0x26, 0x56, 0xbd, 0xff, 0x26, 0x56,
  0xbd, 0xff, 0x26, 0x55, 0xbd, 0xff, 0x26, 0x56, 0xbd, 0xff, 0x26, 0x57,
  0xc1, 0xff, 0x27, 0x58, 0xc3, 0xff, 0x27, 0x59, 0xc6, 0xff, 0x25, 0x52,
  0xb6, 0xff, 0x18, 0x1a, 0x20, 0xff, 0x16, 0x10, 0x04, 0xff, 0x17, 0x11,
  0x08, 0xff, 0x16, 0x11, 0x08, 0xff, 0x15, 0x10, 0x06, 0xff, 0x1c, 0x17,
  0x0d, 0xff, 0x2a, 0x24, 0x19, 0xff, 0x15, 0x10, 0x07, 0xff, 0x35, 0x30,
  0x23, 0xff, 0x42, 0x3c, 0x2d, 0xff, 0x43, 0x3d, 0x2e, 0xff, 0x35, 0x2f,
  0x23, 0xff, 0x19, 0x14, 0x0a, 0xff, 0x15, 0x10, 0x07, 0xff, 0x16, 0x0f,
  0x04, 0xff, 0x15, 0x18, 0x1b, 0xff, 0x10, 0x63, 0xeb, 0xff, 0x10, 0x62,
  0xe9, 0xff, 0x15, 0x18, 0x19, 0xff, 0x16, 0x0f, 0x04, 0xff, 0x16, 0x11,
  0x07, 0xff, 0x18, 0x13, 0x09, 0xff, 0x33, 0x2d, 0x21, 0xff, 0x43, 0x3c,
  0x2e, 0xff, 0x42, 0x3c, 0x2d, 0xff, 0x34, 0x2f, 0x22, 0xff, 0x15, 0x10,
  0x07, 0xff, 0x29, 0x24, 0x19, 0xff, 0x1b, 0x16, 0x0c, 0xff, 0x16, 0x11,
  0x07, 0xff, 0x17, 0x12, 0x08, 0xff, 0x17, 0x12, 0x08, 0xff, 0x17, 0x10,
  0x05, 0xff, 0x18, 0x19, 0x1c, 0xff, 0x24, 0x51, 0xb3, 0xff, 0x27, 0x59,
  0xc6, 0xff, 0x26, 0x58, 0xc3, 0xff, 0x27, 0x57, 0xc1, 0xff, 0x26, 0x55,
  0xbd, 0xff, 0x26, 0x56, 0xbd, 0xff, 0x26, 0x55, 0xbd, 0xff, 0x26, 0x55,
  0xbd, 0xff, 0x26, 0x55, 0xbd, 0xff, 0x26, 0x55, 0xbd, 0xff, 0x26, 0x55,
  0xbd, 0xff, 0x26, 0x56, 0xbd, 0xff, 0x26, 0x56, 0xbd, 0xff, 0x25, 0x54,
  0xbb, 0xff, 0x05, 0x35, 0x84, 0xff, 0x06, 0x35, 0x84, 0xff, 0x25, 0x55,
  0xbc, 0xff, 0x27, 0x57, 0xbf, 0xff, 0x27, 0x57, 0xbe, 0xff, 0x27, 0x57,
  0xbe, 0xff, 0x27, 0x57, 0xbe, 0xff, 0x27, 0x57, 0xbe, 0xff, 0x27, 0x57,
  0xbe, 0xff, 0x27, 0x57, 0xbe, 0xff, 0x27, 0x56, 0xbe, 0xff, 0x27, 0x57,
  0xbf, 0xff, 0x23, 0x49, 0x9c, 0xff, 0x21, 0x41, 0x88, 0xff, 0x21, 0x40,
  0x84, 0xff, 0x1c, 0x2e, 0x55, 0xff, 0x16, 0x0f, 0x03, 0xff, 0x16, 0x11,
  0x07, 0xff, 0x17, 0x12, 0x08, 0xff, 0x17, 0x11, 0x08, 0xff, 0x16, 0x11,
  0x08, 0xff, 0x16, 0x11, 0x07, 0xff, 0x15, 0x10, 0x07, 0xff, 0x18, 0x13,
  0x09, 0xff, 0x3c, 0x36, 0x29, 0xff, 0x42, 0x3c, 0x2d, 0xff, 0x41, 0x3b,
  0x2d, 0xff, 0x43, 0x3c, 0x2e, 0xff, 0x36, 0x31, 0x24, 0xff, 0x17, 0x12,
  0x09, 0xff, 0x18, 0x13, 0x09, 0xff, 0x16, 0x0c, 0x00, 0xff, 0x12, 0x4a,
  0xa4, 0xff, 0x12, 0x47, 0x9c, 0xff, 0x16, 0x0c, 0x00, 0xff, 0x17, 0x11,
  0x08, 0xff, 0x17, 0x12, 0x09, 0xff, 0x34, 0x2f, 0x22, 0xff, 0x43, 0x3d,
  0x2e, 0xff, 0x41, 0x3b, 0x2d, 0xff, 0x42, 0x3c, 0x2d, 0xff, 0x3b, 0x36,
  0x28, 0xff, 0x18, 0x13, 0x09, 0xff, 0x16, 0x10, 0x07, 0xff, 0x16, 0x11,
  0x08, 0xff, 0x17, 0x12, 0x08, 0xff, 0x17, 0x11, 0x07, 0xff, 0x17, 0x12,
  0x09, 0xff, 0x17, 0x12, 0x08, 0xff, 0x16, 0x10, 0x03, 0xff, 0x1c, 0x2d,
  0x52, 0xff, 0x20, 0x40, 0x83, 0xff, 0x21, 0x41, 0x87, 0xff, 0x23, 0x48,
  0x9a, 0xff, 0x27, 0x57, 0xbf, 0xff, 0x27, 0x57, 0xbf, 0xff, 0x27, 0x56,
  0xbe, 0xff, 0x27, 0x56, 0xbe, 0xff, 0x27, 0x56, 0xbe, 0xff, 0x27, 0x56,
  0xbe, 0xff, 0x27, 0x56, 0xbe, 0xff, 0x27, 0x57, 0xbe, 0xff, 0x27, 0x57,
  0xbf, 0xff, 0x25, 0x55, 0xbc, 0xff, 0x06, 0x35, 0x84, 0xff, 0x06, 0x35,
  0x84, 0xff, 0x26, 0x56, 0xbe, 0xff, 0x27, 0x58, 0xc0, 0xff, 0x27, 0x57,
  0xc0, 0xff, 0x27, 0x57, 0xc0, 0xff, 0x27, 0x57, 0xc0, 0xff, 0x27, 0x57,
  0xc0, 0xff, 0x27, 0x57, 0xc0, 0xff, 0x27, 0x57, 0xc0, 0xff, 0x27, 0x58,
  0xc1, 0xff, 0x26, 0x55, 0xba, 0xff, 0x18, 0x1b, 0x21, 0xff, 0x15, 0x0e,
  0x00, 0xff, 0x16, 0x0f, 0x01, 0xff, 0x16, 0x0f, 0x02, 0xff, 0x16, 0x11,
  0x07, 0xff, 0x16, 0x11, 0x07, 0xff, 0x17, 0x12, 0x08, 0xff, 0x16, 0x10,
  0x04, 0xff, 0x16, 0x10, 0x04, 0xff, 0x17, 0x11, 0x08, 0xff, 0x16, 0x11,
  0x08, 0xff, 0x16, 0x11, 0x08, 0xff, 0x2c, 0x27, 0x1b, 0xff, 0x40, 0x3a,
  0x2c, 0xff, 0x43, 0x3c, 0x2e, 0xff, 0x41, 0x3b, 0x2c, 0xff, 0x3f, 0x39,
  0x2c, 0xff, 0x1f, 0x1a, 0x0f, 0xff, 0x2b, 0x25, 0x1a, 0xff, 0x15, 0x0e,
  0x02, 0xff, 0x15, 0x24, 0x3a, 0xff, 0x15, 0x23, 0x36, 0xff, 0x15, 0x0e,
  0x02, 0xff, 0x27, 0x22, 0x17, 0xff, 0x1e, 0x1a, 0x0f, 0xff, 0x40, 0x3a,
  0x2c, 0xff, 0x41, 0x3b, 0x2d, 0xff, 0x43, 0x3c, 0x2e, 0xff, 0x40, 0x3a,
  0x2c, 0xff, 0x2c, 0x27, 0x1b, 0xff, 0x17, 0x12, 0x08, 0xff, 0x17, 0x12,
  0x08, 0xff, 0x17, 0x12, 0x08, 0xff, 0x17, 0x10, 0x05, 0xff, 0x17, 0x10,
  0x04, 0xff, 0x17, 0x12, 0x09, 0xff, 0x16, 0x12, 0x08, 0xff, 0x16, 0x11,
  0x07, 0xff, 0x16, 0x0f, 0x02, 0xff, 0x16, 0x0f, 0x01, 0xff, 0x16, 0x0e,
  0x00, 0xff, 0x18, 0x19, 0x1d, 0xff, 0x26, 0x54, 0xb8, 0xff, 0x27, 0x58,
  0xc1, 0xff, 0x27, 0x57, 0xc0, 0xff, 0x27, 0x57, 0xc0, 0xff, 0x27, 0x57,
  0xc0, 0xff, 0x27, 0x57, 0xc0, 0xff, 0x27, 0x57, 0xc0, 0xff, 0x27, 0x57,
  0xc0, 0xff, 0x27, 0x58, 0xc0, 0xff, 0x26, 0x56, 0xbe, 0xff, 0x06, 0x35,
  0x84, 0xff, 0x06, 0x35, 0x84, 0xff, 0x27, 0x57, 0xbf, 0xff, 0x28, 0x58,
  0xc2, 0xff, 0x28, 0x58, 0xc1, 0xff, 0x28, 0x58, 0xc1, 0xff, 0x28, 0x58,
  0xc1, 0xff, 0x28, 0x58, 0xc1, 0xff, 0x28, 0x58, 0xc1, 0xff, 0x28, 0x58,
  0xc1, 0xff, 0x28, 0x59, 0xc4, 0xff, 0x25, 0x50, 0xad, 0xff, 0x17, 0x15,
  0x12, 0xff, 0x16, 0x10, 0x05, 0xff, 0x16, 0x11, 0x07, 0xff, 0x16, 0x11,
  0x07, 0xff, 0x16, 0x11, 0x07, 0xff, 0x16, 0x10, 0x05, 0xff, 0x16, 0x19,
  0x1d, 0xff, 0x13, 0x47, 0x96, 0xff, 0x16, 0x16, 0x16, 0xff, 0x17, 0x10,
  0x05, 0xff, 0x16, 0x11, 0x08, 0xff, 0x16, 0x11, 0x08, 0xff, 0x14, 0x0d,
  0x00, 0xff, 0x1e, 0x17, 0x09, 0xff, 0x35, 0x2f, 0x23, 0xff, 0x42, 0x3c,
  0x2e, 0xff, 0x42, 0x3c, 0x2e, 0xff, 0x2e, 0x28, 0x1d, 0xff, 0x3b, 0x35,
  0x28, 0xff, 0x1f, 0x1a, 0x0f, 0xff, 0x15, 0x0f, 0x04, 0xff, 0x15, 0x0f,
  0x04, 0xff, 0x1d, 0x18, 0x0d, 0xff, 0x3a, 0x34, 0x26, 0xff, 0x2e, 0x28,
  0x1d, 0xff, 0x42, 0x3c, 0x2e, 0xff, 0x42, 0x3c, 0x2e, 0xff, 0x35, 0x2f,
  0x22, 0xff, 0x1e, 0x17, 0x09, 0xff, 0x15, 0x0d, 0x01, 0xff, 0x16, 0x12,
  0x08, 0xff, 0x17, 0x12, 0x08, 0xff, 0x16, 0x10, 0x05, 0xff, 0x16, 0x17,
  0x16, 0xff, 0x14, 0x47, 0x97, 0xff, 0x16, 0x1a, 0x1f, 0xff, 0x16, 0x10,
  0x05, 0xff, 0x16, 0x11, 0x07, 0xff, 0x16, 0x11, 0x07, 0xff, 0x16, 0x11,
  0x07, 0xff, 0x17, 0x11, 0x06, 0xff, 0x17, 0x14, 0x0f, 0xff, 0x25, 0x4f,
  0xab, 0xff, 0x28, 0x59, 0xc4, 0xff, 0x28, 0x58, 0xc1, 0xff, 0x28, 0x58,
  0xc1, 0xff, 0x28, 0x58, 0xc1, 0xff, 0x28, 0x58, 0xc1, 0xff, 0x28, 0x58,
  0xc1, 0xff, 0x28, 0x58, 0xc1, 0xff, 0x28, 0x58, 0xc2, 0xff, 0x27, 0x57,
  0xbf, 0xff, 0x06, 0x35, 0x84, 0xff, 0x06, 0x35, 0x84, 0xff, 0x27, 0x58,
  0xc0, 0xff, 0x29, 0x59, 0xc3, 0xff, 0x29, 0x59, 0xc3, 0xff, 0x29, 0x59,
  0xc3, 0xff, 0x29, 0x59, 0xc3, 0xff, 0x29, 0x59, 0xc3, 0xff, 0x29, 0x59,
  0xc3, 0xff, 0x29, 0x59, 0xc3, 0xff, 0x29, 0x5b, 0xc8, 0xff, 0x24, 0x4a,
  0x9c, 0xff, 0x16, 0x11, 0x08, 0xff, 0x16, 0x11, 0x07, 0xff, 0x16, 0x11,
  0x07, 0xff, 0x16, 0x11, 0x07, 0xff, 0x16, 0x11, 0x07, 0xff, 0x16, 0x0f,
  0x01, 0xff, 0x15, 0x25, 0x3d, 0xff, 0x0f, 0x6e, 0xff, 0xff, 0x12, 0x4c,
  0xa8, 0xff, 0x17, 0x10, 0x05, 0xff, 0x16, 0x11, 0x07, 0xff, 0x16, 0x10,
  0x05, 0xff, 0x14, 0x2b, 0x4b, 0xff, 0x14, 0x21, 0x32, 0xff, 0x16, 0x0e,
  0x00, 0xff, 0x26, 0x1f, 0x13, 0xff, 0x3e, 0x38, 0x2b, 0xff, 0x41, 0x3b,
  0x2d, 0xff, 0x42, 0x3b, 0x2d, 0xff, 0x32, 0x2d, 0x20, 0xff, 0x15, 0x10,
  0x06, 0xff, 0x15, 0x0f, 0x06, 0xff, 0x31, 0x2a, 0x1e, 0xff, 0x42, 0x3b,
  0x2d, 0xff, 0x41, 0x3b, 0x2d, 0xff, 0x3e, 0x39, 0x2b, 0xff, 0x26, 0x1f,
  0x12, 0xff, 0x16, 0x0e, 0x00, 0xff, 0x14, 0x22, 0x36, 0xff, 0x15, 0x2b,
  0x4b, 0xff, 0x16, 0x10, 0x05, 0xff, 0x16, 0x11, 0x08, 0xff, 0x16, 0x10,
  0x05, 0xff, 0x13, 0x4c, 0xa6, 0xff, 0x10, 0x6e, 0xff, 0xff, 0x15, 0x26,
  0x3e, 0xff, 0x16, 0x0f, 0x02, 0xff, 0x16, 0x11, 0x07, 0xff, 0x16, 0x11,
  0x07, 0xff, 0x17, 0x11, 0x07, 0xff, 0x17, 0x11, 0x07, 0xff, 0x16, 0x11,
  0x07, 0xff, 0x24, 0x49, 0x9b, 0xff, 0x29, 0x5b, 0xc8, 0xff, 0x28, 0x59,
  0xc3, 0xff, 0x28, 0x59, 0xc3, 0xff, 0x28, 0x59, 0xc3, 0xff, 0x28, 0x59,
  0xc3, 0xff, 0x28, 0x59, 0xc3, 0xff, 0x29, 0x59, 0xc3, 0xff, 0x29, 0x59,
  0xc3, 0xff, 0x27, 0x58, 0xc0, 0xff, 0x06, 0x35, 0x84, 0xff, 0x06, 0x35,
  0x85, 0xff, 0x28, 0x59, 0xc2, 0xff, 0x29, 0x5a, 0xc5, 0xff, 0x29, 0x5a,
  0xc4, 0xff, 0x29, 0x5a, 0xc4, 0xff, 0x29, 0x5a, 0xc4, 0xff, 0x29, 0x5a,
  0xc4, 0xff, 0x29, 0x5a, 0xc4, 0xff, 0x29, 0x5a, 0xc4, 0xff, 0x2a, 0x5d,
  0xcb, 0xff, 0x22, 0x43, 0x89, 0xff, 0x16, 0x0f, 0x02, 0xff, 0x16, 0x11,
  0x07, 0xff, 0x16, 0x11, 0x07, 0xff, 0x16, 0x11, 0x07, 0xff, 0x16, 0x11,
  0x07, 0xff, 0x16, 0x0d, 0x00, 0xff, 0x15, 0x31, 0x5d, 0xff, 0x0f, 0x6d,
  0xff, 0xff, 0x0f, 0x64, 0xef, 0xff, 0x16, 0x1a, 0x1e, 0xff, 0x16, 0x10,
  0x05, 0xff, 0x16, 0x0c, 0x00, 0xff, 0x13, 0x3c, 0x7e, 0xff, 0x0f, 0x6b,
  0xf8, 0xff, 0x13, 0x46, 0x96, 0xff, 0x14, 0x16, 0x18, 0xff, 0x1d, 0x15,
  0x08, 0xff, 0x3a, 0x34, 0x27, 0xff, 0x42, 0x3b, 0x2d, 0xff, 0x41, 0x3a,
  0x2c, 0xff, 0x1f, 0x19, 0x0f, 0xff, 0x1d, 0x18, 0x0e, 0xff, 0x40, 0x39,
  0x2b, 0xff, 0x42, 0x3b, 0x2d, 0xff, 0x3b, 0x35, 0x28, 0xff, 0x1e, 0x16,
  0x08, 0xff, 0x14, 0x16, 0x18, 0xff, 0x13, 0x48, 0x9b, 0xff, 0x0f, 0x6c,
  0xfa, 0xff, 0x13, 0x3c, 0x7b, 0xff, 0x15, 0x0d, 0x00, 0xff, 0x16, 0x10,
  0x04, 0xff, 0x16, 0x1b, 0x21, 0xff, 0x10, 0x65, 0xf1, 0xff, 0x0f, 0x6c,
  0xff, 0xff, 0x14, 0x30, 0x59, 0xff, 0x16, 0x0e, 0x00, 0xff, 0x16, 0x11,
  0x07, 0xff, 0x16, 0x11, 0x07, 0xff, 0x17, 0x11, 0x07, 0xff, 0x17, 0x11,
  0x07, 0xff, 0x16, 0x0f, 0x01, 0xff, 0x22, 0x42, 0x88, 0xff, 0x2a, 0x5d,
  0xcb, 0xff, 0x29, 0x5a, 0xc4, 0xff, 0x29, 0x5a, 0xc4, 0xff, 0x29, 0x5a,
  0xc4, 0xff, 0x29, 0x5a, 0xc4, 0xff, 0x29, 0x5a, 0xc4, 0xff, 0x29, 0x5a,
  0xc4, 0xff, 0x29, 0x5a, 0xc5, 0xff, 0x28, 0x59, 0xc2, 0xff, 0x06, 0x35,
  0x85, 0xff, 0x06, 0x35, 0x85, 0xff, 0x28, 0x5a, 0xc3, 0xff, 0x2a, 0x5b,
  0xc6, 0xff, 0x2a, 0x5b, 0xc6, 0xff, 0x2a, 0x5b, 0xc6, 0xff, 0x2a, 0x5b,
  0xc6, 0xff, 0x2a, 0x5b, 0xc6, 0xff, 0x2a, 0x5b, 0xc6, 0xff, 0x2a, 0x5b,
  0xc6, 0xff, 0x2b, 0x5e, 0xce, 0xff, 0x20, 0x3a, 0x71, 0xff, 0x15, 0x0b,
  0x00, 0xff, 0x16, 0x0f, 0x01, 0xff, 0x16, 0x10, 0x06, 0xff, 0x16, 0x11,
  0x07, 0xff, 0x16, 0x11, 0x07, 0xff, 0x16, 0x0d, 0x00, 0xff, 0x14, 0x38,
  0x70, 0xff, 0x0f, 0x6d, 0xff, 0xff, 0x10, 0x60, 0xe5, 0xff, 0x15, 0x16,
  0x16, 0xff, 0x1d, 0x17, 0x0c, 0xff, 0x22, 0x1b, 0x0e, 0xff, 0x14, 0x1c,
  0x26, 0xff, 0x10, 0x66, 0xf2, 0xff, 0x0f, 0x6e, 0xff, 0xff, 0x11, 0x5c,
  0xd3, 0xff, 0x14, 0x1e, 0x2c, 0xff, 0x1c, 0x14, 0x06, 0xff, 0x3d, 0x37,
  0x29, 0xff, 0x3f, 0x39, 0x2a, 0xff, 0x1d, 0x18, 0x0d, 0xff, 0x1c, 0x17,
  0x0d, 0xff, 0x3f, 0x38, 0x2a, 0xff, 0x3e, 0x38, 0x2a, 0xff, 0x1d, 0x16,
  0x08, 0xff, 0x14, 0x1e, 0x2c, 0xff, 0x11, 0x5c, 0xd3, 0xff, 0x0f, 0x6e,
  0xff, 0xff, 0x10, 0x65, 0xf0, 0xff, 0x14, 0x1b, 0x23, 0xff, 0x20, 0x19,
  0x0d, 0xff, 0x1c, 0x16, 0x0a, 0xff, 0x16, 0x18, 0x19, 0xff, 0x11, 0x62,
  0xe7, 0xff, 0x0f, 0x6d, 0xff, 0xff, 0x14, 0x36, 0x6a, 0xff, 0x16, 0x0d,
  0x00, 0xff, 0x16, 0x11, 0x07, 0xff, 0x16, 0x11, 0x07, 0xff, 0x16, 0x11,
  0x06, 0xff, 0x16, 0x0f, 0x02, 0xff, 0x15, 0x0b, 0x00, 0xff, 0x20, 0x3a,
  0x71, 0xff, 0x2b, 0x5e, 0xce, 0xff, 0x2a, 0x5b, 0xc6, 0xff, 0x2a, 0x5b,
  0xc6, 0xff, 0x2a, 0x5b, 0xc6, 0xff, 0x2a, 0x5b, 0xc6, 0xff, 0x2a, 0x5b,
  0xc6, 0xff, 0x2a, 0x5b, 0xc6, 0xff, 0x2a, 0x5b, 0xc6, 0xff, 0x28, 0x5a,
  0xc3, 0xff, 0x06, 0x35, 0x85, 0xff, 0x06, 0x35, 0x85, 0xff, 0x29, 0x5b,
  0xc5, 0xff, 0x2b, 0x5c, 0xc8, 0xff, 0x2b, 0x5c, 0xc7, 0xff, 0x2b, 0x5c,
  0xc7, 0xff, 0x2b, 0x5c, 0xc7, 0xff, 0x2b, 0x5c, 0xc7, 0xff, 0x2b, 0x5c,
  0xc7, 0xff, 0x2b, 0x5c, 0xc7, 0xff, 0x2b, 0x5d, 0xca, 0xff, 0x27, 0x51,
  0xad, 0xff, 0x20, 0x37, 0x69, 0xff, 0x1a, 0x23, 0x36, 0xff, 0x17, 0x14,
  0x10, 0xff, 0x16, 0x11, 0x06, 0xff, 0x16, 0x11, 0x07, 0xff, 0x16, 0x0d,
  0x00, 0xff, 0x14, 0x3b, 0x78, 0xff, 0x0f, 0x70, 0xff, 0xff, 0x12, 0x45,
  0x97, 0xff, 0x15, 0x0d, 0x01, 0xff, 0x2f, 0x29, 0x1d, 0xff, 0x39, 0x33,
  0x26, 0xff, 0x16, 0x0e, 0x01, 0xff, 0x13, 0x37, 0x6f, 0xff, 0x10, 0x6c,
  0xff, 0xff, 0x0f, 0x6e, 0xff, 0xff, 0x11, 0x5f, 0xdd, 0xff, 0x14, 0x19,
  0x20, 0xff, 0x24, 0x1d, 0x10, 0xff, 0x26, 0x20, 0x15, 0xff, 0x15, 0x0e,
  0x02, 0xff, 0x15, 0x0d, 0x02, 0xff, 0x25, 0x20, 0x15, 0xff, 0x26, 0x1e,
  0x12, 0xff, 0x14, 0x1a, 0x22, 0xff, 0x11, 0x5f, 0xde, 0xff, 0x0e, 0x6e,
  0xff, 0xff, 0x0f, 0x6b, 0xfe, 0xff, 0x13, 0x35, 0x6a, 0xff, 0x17, 0x0e,
  0x01, 0xff, 0x39, 0x33, 0x26, 0xff, 0x2c, 0x27, 0x1b, 0xff, 0x15, 0x0d,
  0x01, 0xff, 0x13, 0x48, 0x9c, 0xff, 0x0f, 0x70, 0xff, 0xff, 0x14, 0x37,
  0x6d, 0xff, 0x16, 0x0d, 0x00, 0xff, 0x16, 0x11, 0x07, 0xff, 0x16, 0x10,
  0x06, 0xff, 0x17, 0x15, 0x11, 0xff, 0x1b, 0x24, 0x39, 0xff, 0x20, 0x38,
  0x6c, 0xff, 0x27, 0x52, 0xae, 0xff, 0x2b, 0x5d, 0xca, 0xff, 0x2a, 0x5c,
  0xc7, 0xff, 0x2a, 0x5c, 0xc7, 0xff, 0x2a, 0x5c, 0xc7, 0xff, 0x2a, 0x5c,
  0xc7, 0xff, 0x2a, 0x5c, 0xc7, 0xff, 0x2b, 0x5c, 0xc7, 0xff, 0x2b, 0x5c,
  0xc8, 0xff, 0x29, 0x5b, 0xc5, 0xff, 0x06, 0x35, 0x85, 0xff, 0x06, 0x36,
  0x85, 0xff, 0x2a, 0x5b, 0xc6, 0xff, 0x2b, 0x5d, 0xc9, 0xff, 0x2b, 0x5d,
  0xc9, 0xff, 0x2b, 0x5d, 0xc9, 0xff, 0x2b, 0x5d, 0xc9, 0xff, 0x2b, 0x5d,
  0xc9, 0xff, 0x2b, 0x5d, 0xc9, 0xff, 0x2b, 0x5d, 0xc9, 0xff, 0x2b, 0x5c,
  0xc8, 0xff, 0x2c, 0x5e, 0xcc, 0xff, 0x2c, 0x60, 0xd1, 0xff, 0x2c, 0x5f,
  0xd0, 0xff, 0x23, 0x43, 0x88, 0xff, 0x16, 0x10, 0x04, 0xff, 0x16, 0x11,
  0x07, 0xff, 0x16, 0x0d, 0x00, 0xff, 0x14, 0x39, 0x74, 0xff, 0x11, 0x5d,
  0xd7, 0xff, 0x15, 0x13, 0x10, 0xff, 0x1b, 0x15, 0x09, 0xff, 0x3f, 0x38,
  0x2b, 0xff, 0x42, 0x3c, 0x2e, 0xff, 0x2f, 0x29, 0x1d, 0xff, 0x16, 0x0f,
  0x03, 0xff, 0x13, 0x2d, 0x56, 0xff, 0x11, 0x53, 0xbc, 0xff, 0x10, 0x61,
  0xdf, 0xff, 0x13, 0x3b, 0x79, 0xff, 0x15, 0x0d, 0x01, 0xff, 0x15, 0x0d,
  0x02, 0xff, 0x15, 0x1e, 0x29, 0xff, 0x15, 0x1f, 0x2d, 0xff, 0x15, 0x0e,
  0x02, 0xff, 0x15, 0x0d, 0x01, 0xff, 0x14, 0x3d, 0x7e, 0xff, 0x10, 0x61,
  0xdf, 0xff, 0x11, 0x52, 0xba, 0xff, 0x13, 0x2c, 0x52, 0xff, 0x17, 0x0f,
  0x03, 0xff, 0x30, 0x2b, 0x1f, 0xff, 0x43, 0x3d, 0x2e, 0xff, 0x3d, 0x37,
  0x2a, 0xff, 0x1a, 0x13, 0x08, 0xff, 0x16, 0x16, 0x15, 0xff, 0x11, 0x5f,
  0xda, 0xff, 0x14, 0x35, 0x69, 0xff, 0x16, 0x0e, 0x00, 0xff, 0x16, 0x11,
  0x07, 0xff, 0x16, 0x0f, 0x03, 0xff, 0x23, 0x43, 0x89, 0xff, 0x2c, 0x5f,
  0xd0, 0xff, 0x2c, 0x60, 0xd1, 0xff, 0x2b, 0x5e, 0xcc, 0xff, 0x2b, 0x5d,
  0xc9, 0xff, 0x2b, 0x5d, 0xc9, 0xff, 0x2b, 0x5d, 0xc9, 0xff, 0x2b, 0x5d,
  0xc9, 0xff, 0x2b, 0x5d, 0xc9, 0xff, 0x2b, 0x5d, 0xc9, 0xff, 0x2b, 0x5d,
  0xc9, 0xff, 0x2b, 0x5d, 0xc9, 0xff, 0x2a, 0x5b, 0xc6, 0xff, 0x06, 0x36,
  0x85, 0xff, 0x06, 0x36, 0x86, 0xff, 0x2a, 0x5c, 0xc8, 0xff, 0x2c, 0x5e,
  0xcb, 0xff, 0x2c, 0x5e, 0xca, 0xff, 0x2c, 0x5e, 0xca, 0xff, 0x2c, 0x5e,
  0xca, 0xff, 0x2c, 0x5e, 0xca, 0xff, 0x2c, 0x5e, 0xca, 0xff, 0x2c, 0x5e,
  0xca, 0xff, 0x2c, 0x5e, 0xca, 0xff, 0x2c, 0x5e, 0xca, 0xff, 0x2c, 0x5e,
  0xca, 0xff, 0x2c, 0x5f, 0xce, 0xff, 0x28, 0x53, 0xb0, 0xff, 0x17, 0x13,
  0x0e, 0xff, 0x16, 0x10, 0x06, 0xff, 0x17, 0x0e, 0x00, 0xff, 0x15, 0x2f,
  0x59, 0xff, 0x10, 0x68, 0xf2, 0xff, 0x14, 0x2f, 0x59, 0xff, 0x18, 0x0f,
  0x00, 0xff, 0x31, 0x2b, 0x1f, 0xff, 0x43, 0x3d, 0x2e, 0xff, 0x43, 0x3d,
  0x2e, 0xff, 0x37, 0x31, 0x24, 0xff, 0x23, 0x1a, 0x0b, 0xff, 0x18, 0x12,
  0x06, 0xff, 0x15, 0x14, 0x10, 0xff, 0x16, 0x13, 0x0d, 0xff, 0x16, 0x10,
  0x05, 0xff, 0x16, 0x12, 0x0b, 0xff, 0x12, 0x56, 0xc6, 0xff, 0x11, 0x5a,
  0xd1, 0xff, 0x16, 0x14, 0x10, 0xff, 0x16, 0x10, 0x05, 0xff, 0x16, 0x14,
  0x0e, 0xff, 0x16, 0x15, 0x10, 0xff, 0x19, 0x13, 0x07, 0xff, 0x24, 0x1b,
  0x0c, 0xff, 0x38, 0x32, 0x25, 0xff, 0x43, 0x3d, 0x2f, 0xff, 0x42, 0x3d,
  0x2e, 0xff, 0x30, 0x2a, 0x1e, 0xff, 0x18, 0x0f, 0x00, 0xff, 0x15, 0x2f,
  0x57, 0xff, 0x11, 0x67, 0xf2, 0xff, 0x15, 0x2c, 0x4e, 0xff, 0x17, 0x0e,
  0x00, 0xff, 0x16, 0x11, 0x06, 0xff, 0x17, 0x13, 0x0d, 0xff, 0x28, 0x53,
  0xaf, 0xff, 0x2c, 0x5f, 0xce, 0xff, 0x2c, 0x5e, 0xca, 0xff, 0x2c, 0x5e,
  0xca, 0xff, 0x2c, 0x5e, 0xca, 0xff, 0x2c, 0x5e, 0xca, 0xff, 0x2c, 0x5e,
  0xca, 0xff, 0x2c, 0x5e, 0xca, 0xff, 0x2c, 0x5e, 0xca, 0xff, 0x2c, 0x5e,
  0xca, 0xff, 0x2c, 0x5e, 0xca, 0xff, 0x2c, 0x5e, 0xcb, 0xff, 0x2a, 0x5c,
  0xc8, 0xff, 0x06, 0x36, 0x86, 0xff, 0x06, 0x36, 0x86, 0xff, 0x2b, 0x5d,
  0xc9, 0xff, 0x2d, 0x5f, 0xcc, 0xff, 0x2d, 0x5f, 0xcc, 0xff, 0x2d, 0x5f,
  0xcc, 0xff, 0x2d, 0x5f, 0xcc, 0xff, 0x2d, 0x5f, 0xcc, 0xff, 0x2d, 0x5f,
  0xcc, 0xff, 0x2d, 0x5f, 0xcc, 0xff, 0x2c, 0x5e, 0xcc, 0xff, 0x2d, 0x5f,
  0xcc, 0xff, 0x2c, 0x5e, 0xcc, 0xff, 0x2d, 0x5f, 0xcd, 0xff, 0x2b, 0x5b,
  0xc4, 0xff, 0x19, 0x1b, 0x22, 0xff, 0x16, 0x10, 0x04, 0xff, 0x17, 0x0f,
  0x02, 0xff, 0x16, 0x22, 0x33, 0xff, 0x10, 0x69, 0xfb, 0xff, 0x10, 0x68,
  0xf5, 0xff, 0x15, 0x2c, 0x4f, 0xff, 0x17, 0x0e, 0x00, 0xff, 0x2c, 0x27,
  0x1c, 0xff, 0x39, 0x33, 0x26, 0xff, 0x40, 0x3a, 0x2c, 0xff, 0x43, 0x3d,
  0x2e, 0xff, 0x3d, 0x36, 0x28, 0xff, 0x38, 0x32, 0x24, 0xff, 0x2d, 0x27,
  0x1b, 0xff, 0x15, 0x0d, 0x00, 0xff, 0x14, 0x35, 0x69, 0xff, 0x0f, 0x6b,
  0xff, 0xff, 0x0f, 0x6c, 0xff, 0xff, 0x13, 0x3b, 0x78, 0xff, 0x16, 0x0d,
  0x00, 0xff, 0x2e, 0x28, 0x1c, 0xff, 0x38, 0x32, 0x24, 0xff, 0x3d, 0x37,
  0x29, 0xff, 0x43, 0x3d, 0x2f, 0xff, 0x40, 0x39, 0x2c, 0xff, 0x39, 0x33,
  0x26, 0xff, 0x2b, 0x26, 0x1b, 0xff, 0x17, 0x0e, 0x00, 0xff, 0x15, 0x2a,
  0x48, 0xff, 0x11, 0x68, 0xf3, 0xff, 0x10, 0x67, 0xf7, 0xff, 0x16, 0x1f,
  0x2a, 0xff, 0x17, 0x10, 0x04, 0xff, 0x16, 0x10, 0x04, 0xff, 0x18, 0x1a,
  0x20, 0xff, 0x2b, 0x5b, 0xc3, 0xff, 0x2d, 0x5f, 0xcd, 0xff, 0x2d, 0x5f,
  0xcc, 0xff, 0x2c, 0x5e, 0xcc, 0xff, 0x2d, 0x5f, 0xcc, 0xff, 0x2c, 0x5e,
  0xcc, 0xff, 0x2c, 0x5e, 0xcc, 0xff, 0x2c, 0x5e, 0xcc, 0xff, 0x2c, 0x5e,
  0xcc, 0xff, 0x2c, 0x5e, 0xcc, 0xff, 0x2d, 0x5f, 0xcc, 0xff, 0x2d, 0x5f,
  0xcc, 0xff, 0x2b, 0x5d, 0xc9, 0xff, 0x06, 0x36, 0x86, 0xff, 0x06, 0x36,
  0x86, 0xff, 0x2c, 0x5e, 0xcb, 0xff, 0x2d, 0x60, 0xce, 0xff, 0x2d, 0x60,
  0xcd, 0xff, 0x2d, 0x60, 0xcd, 0xff, 0x2d, 0x60, 0xcd, 0xff, 0x2d, 0x60,
  0xcd, 0xff, 0x2d, 0x60, 0xcd, 0xff, 0x2d, 0x60, 0xcd, 0xff, 0x2d, 0x5f,
  0xcd, 0xff, 0x2d, 0x60, 0xcd, 0xff, 0x2d, 0x5f, 0xcd, 0xff, 0x2d, 0x60,
  0xce, 0xff, 0x2e, 0x63, 0xd6, 0xff, 0x1b, 0x25, 0x3b, 0xff, 0x16, 0x0f,
  0x01, 0xff, 0x16, 0x10, 0x06, 0xff, 0x16, 0x15, 0x10, 0xff, 0x11, 0x5c,
  0xd8, 0xff, 0x0f, 0x6b, 0xff, 0xff, 0x10, 0x64, 0xeb, 0xff, 0x15, 0x20,
  0x2f, 0xff, 0x15, 0x0e, 0x01, 0xff, 0x16, 0x11, 0x08, 0xff, 0x1c, 0x17,
  0x0c, 0xff, 0x26, 0x20, 0x16, 0xff, 0x39, 0x33, 0x26, 0xff, 0x45, 0x3e,
  0x30, 0xff, 0x2d, 0x27, 0x1c, 0xff, 0x14, 0x0c, 0x01, 0xff, 0x11, 0x51,
  0xb8, 0xff, 0x0f, 0x6b, 0xff, 0xff, 0x0f, 0x6b, 0xff, 0xff, 0x12, 0x50,
  0xb5, 0xff, 0x14, 0x0d, 0x01, 0xff, 0x2e, 0x29, 0x1d, 0xff, 0x44, 0x3e,
  0x30, 0xff, 0x37, 0x31, 0x24, 0xff, 0x24, 0x1f, 0x15, 0xff, 0x1b, 0x16,
  0x0d, 0xff, 0x17, 0x12, 0x09, 0xff, 0x16, 0x0e, 0x02, 0xff, 0x16, 0x1f,
  0x2a, 0xff, 0x11, 0x63, 0xe7, 0xff, 0x10, 0x6c, 0xff, 0xff, 0x12, 0x58,
  0xcb, 0xff, 0x17, 0x12, 0x0a, 0xff, 0x17, 0x11, 0x07, 0xff, 0x16, 0x0f,
  0x01, 0xff, 0x1b, 0x24, 0x38, 0xff, 0x2e, 0x63, 0xd5, 0xff, 0x2d, 0x60,
  0xce, 0xff, 0x2d, 0x60, 0xcd, 0xff, 0x2d, 0x5f, 0xcd, 0xff, 0x2d, 0x60,
  0xcd, 0xff, 0x2d, 0x5f, 0xcd, 0xff, 0x2d, 0x5f, 0xcd, 0xff, 0x2d, 0x5f,
  0xcd, 0xff, 0x2d, 0x5f, 0xcd, 0xff, 0x2d, 0x5f, 0xcd, 0xff, 0x2d, 0x60,
  0xcd, 0xff, 0x2d, 0x60, 0xce, 0xff, 0x2c, 0x5e, 0xcb, 0xff, 0x06, 0x36,
  0x86, 0xff, 0x07, 0x36, 0x86, 0xff, 0x2c, 0x5f, 0xcc, 0xff, 0x2e, 0x61,
  0xcf, 0xff, 0x2e, 0x61, 0xcf, 0xff, 0x2e, 0x60, 0xcf, 0xff, 0x2e, 0x60,
  0xcf, 0xff, 0x2e, 0x60, 0xcf, 0xff, 0x2e, 0x60, 0xcf, 0xff, 0x2e, 0x60,
  0xcf, 0xff, 0x2e, 0x60, 0xcf, 0xff, 0x2e, 0x60, 0xcf, 0xff, 0x2e, 0x62,
  0xd2, 0xff, 0x2e, 0x62, 0xd3, 0xff, 0x23, 0x3e, 0x79, 0xff, 0x17, 0x14,
  0x10, 0xff, 0x16, 0x10, 0x06, 0xff, 0x16, 0x11, 0x08, 0xff, 0x17, 0x0e,
  0x00, 0xff, 0x13, 0x43, 0x8f, 0xff, 0x0f, 0x6c, 0xff, 0xff, 0x0f, 0x6b,
  0xff, 0xff, 0x12, 0x54, 0xbd, 0xff, 0x16, 0x11, 0x08, 0xff, 0x16, 0x0f,
  0x02, 0xff, 0x16, 0x0d, 0x00, 0xff, 0x15, 0x0f, 0x06, 0xff, 0x18, 0x12,
  0x09, 0xff, 0x36, 0x30, 0x24, 0xff, 0x3c, 0x36, 0x29, 0xff, 0x19, 0x11,
  0x04, 0xff, 0x13, 0x2f, 0x59, 0xff, 0x0f, 0x6b, 0xff, 0xff, 0x0f, 0x69,
  0xfc, 0xff, 0x14, 0x29, 0x49, 0xff, 0x1b, 0x12, 0x05, 0xff, 0x3d, 0x37,
  0x2a, 0xff, 0x33, 0x2e, 0x22, 0xff, 0x17, 0x12, 0x08, 0xff, 0x15, 0x0f,
  0x06, 0xff, 0x16, 0x0d, 0x00, 0xff, 0x16, 0x0f, 0x03, 0xff, 0x17, 0x11,
  0x06, 0xff, 0x13, 0x51, 0xb5, 0xff, 0x10, 0x6c, 0xff, 0xff, 0x10, 0x6c,
  0xff, 0xff, 0x14, 0x3b, 0x78, 0xff, 0x17, 0x0e, 0x00, 0xff, 0x17, 0x12,
  0x08, 0xff, 0x16, 0x10, 0x06, 0xff, 0x17, 0x14, 0x0f, 0xff, 0x23, 0x3e,
  0x7a, 0xff, 0x2e, 0x62, 0xd3, 0xff, 0x2e, 0x62, 0xd1, 0xff, 0x2e, 0x60,
  0xce, 0xff, 0x2e, 0x60, 0xcf, 0xff, 0x2e, 0x60, 0xcf, 0xff, 0x2e, 0x60,
  0xcf, 0xff, 0x2e, 0x60, 0xcf, 0xff, 0x2e, 0x60, 0xcf, 0xff, 0x2e, 0x60,
  0xcf, 0xff, 0x2e, 0x61, 0xcf, 0xff, 0x2e, 0x61, 0xcf, 0xff, 0x2c, 0x5f,
  0xcc, 0xff, 0x07, 0x36, 0x86, 0xff, 0x07, 0x36, 0x86, 0xff, 0x2d, 0x60,
  0xcd, 0xff, 0x2f, 0x62, 0xd1, 0xff, 0x2f, 0x61, 0xd0, 0xff, 0x2f, 0x61,
  0xd0, 0xff, 0x2f, 0x61, 0xd0, 0xff, 0x2f, 0x61, 0xd0, 0xff, 0x2f, 0x61,
  0xd0, 0xff, 0x2f, 0x61, 0xd0, 0xff, 0x2e, 0x61, 0xd0, 0xff, 0x2f, 0x62,
  0xd2, 0xff, 0x2c, 0x5b, 0xc1, 0xff, 0x1e, 0x2d, 0x4e, 0xff, 0x16, 0x0f,
  0x01, 0xff, 0x17, 0x11, 0x05, 0xff, 0x16, 0x11, 0x07, 0xff, 0x17, 0x11,
  0x08, 0xff, 0x17, 0x10, 0x04, 0xff, 0x16, 0x20, 0x2e, 0xff, 0x10, 0x66,
  0xf3, 0xff, 0x10, 0x69, 0xff, 0xff, 0x10, 0x6b, 0xff, 0xff, 0x15, 0x28,
  0x45, 0xff, 0x15, 0x1c, 0x25, 0xff, 0x15, 0x2f, 0x57, 0xff, 0x16, 0x12,
  0x09, 0xff, 0x15, 0x10, 0x06, 0xff, 0x1b, 0x16, 0x0c, 0xff, 0x3f, 0x39,
  0x2b, 0xff, 0x31, 0x2b, 0x1e, 0xff, 0x15, 0x0f, 0x05, 0xff, 0x11, 0x56,
  0xc5, 0xff, 0x12, 0x4f, 0xb2, 0xff, 0x15, 0x0e, 0x01, 0xff, 0x33, 0x2d,
  0x20, 0xff, 0x3d, 0x37, 0x2a, 0xff, 0x19, 0x14, 0x0a, 0xff, 0x16, 0x10,
  0x06, 0xff, 0x16, 0x13, 0x0b, 0xff, 0x15, 0x32, 0x5c, 0xff, 0x16, 0x1d,
  0x28, 0xff, 0x15, 0x27, 0x3f, 0xff, 0x10, 0x6a, 0xfd, 0xff, 0x10, 0x6a,
  0xff, 0xff, 0x11, 0x62, 0xe5, 0xff, 0x17, 0x1a, 0x1d, 0xff, 0x17, 0x11,
  0x06, 0xff, 0x17, 0x12, 0x08, 0xff, 0x17, 0x11, 0x07, 0xff, 0x16, 0x10,
  0x05, 0xff, 0x16, 0x0f, 0x01, 0xff, 0x1e, 0x2e, 0x51, 0xff, 0x2c, 0x5c,
  0xc3, 0xff, 0x2f, 0x62, 0xd2, 0xff, 0x2f, 0x61, 0xd0, 0xff, 0x2e, 0x61,
  0xd0, 0xff, 0x2e, 0x61, 0xd0, 0xff, 0x2e, 0x61, 0xd0, 0xff, 0x2e, 0x61,
  0xd0, 0xff, 0x2e, 0x61, 0xd0, 0xff, 0x2f, 0x61, 0xd0, 0xff, 0x2f, 0x62,
  0xd1, 0xff, 0x2d, 0x60, 0xcd, 0xff, 0x07, 0x36, 0x86, 0xff, 0x07, 0x36,
  0x87, 0xff, 0x2e, 0x61, 0xcf, 0xff, 0x2f, 0x62, 0xd2, 0xff, 0x2f, 0x62,
  0xd2, 0xff, 0x2f, 0x62, 0xd2, 0xff, 0x2f, 0x62, 0xd2, 0xff, 0x2f, 0x62,
  0xd2, 0xff, 0x2f, 0x62, 0xd2, 0xff, 0x2f, 0x62, 0xd2, 0xff, 0x2f, 0x62,
  0xd2, 0xff, 0x30, 0x64, 0xd7, 0xff, 0x28, 0x4e, 0xa2, 0xff, 0x15, 0x0f,
  0x02, 0xff, 0x16, 0x11, 0x06, 0xff, 0x17, 0x11, 0x07, 0xff, 0x16, 0x11,
  0x07, 0xff, 0x16, 0x11, 0x07, 0xff, 0x17, 0x12, 0x08, 0xff, 0x17, 0x0e,
  0x00, 0xff, 0x13, 0x42, 0x8c, 0xff, 0x0f, 0x6d, 0xff, 0xff, 0x0f, 0x6a,
  0xff, 0xff, 0x12, 0x58, 0xca, 0xff, 0x10, 0x63, 0xea, 0xff, 0x10, 0x5b,
  0xd4, 0xff, 0x16, 0x11, 0x07, 0xff, 0x16, 0x11, 0x07, 0xff, 0x14, 0x0e,
  0x04, 0xff, 0x2a, 0x24, 0x19, 0xff, 0x42, 0x3c, 0x2e, 0xff, 0x20, 0x18,
  0x0a, 0xff, 0x14, 0x23, 0x39, 0xff, 0x14, 0x20, 0x30, 0xff, 0x21, 0x19,
  0x0c, 0xff, 0x42, 0x3c, 0x2e, 0xff, 0x27, 0x21, 0x16, 0xff, 0x15, 0x10,
  0x06, 0xff, 0x16, 0x12, 0x09, 0xff, 0x16, 0x13, 0x0b, 0xff, 0x10, 0x5e,
  0xdb, 0xff, 0x10, 0x64, 0xec, 0xff, 0x12, 0x58, 0xc9, 0xff, 0x10, 0x6a,
  0xff, 0xff, 0x10, 0x6c, 0xff, 0xff, 0x15, 0x36, 0x6b, 0xff, 0x17, 0x0e,
  0x00, 0xff, 0x17, 0x12, 0x09, 0xff, 0x17, 0x11, 0x08, 0xff, 0x16, 0x11,
  0x07, 0xff, 0x16, 0x11, 0x07, 0xff, 0x17, 0x11, 0x06, 0xff, 0x16, 0x10,
  0x04, 0xff, 0x29, 0x50, 0xa7, 0xff, 0x30, 0x64, 0xd7, 0xff, 0x2f, 0x62,
  0xd2, 0xff, 0x2f, 0x62, 0xd2, 0xff, 0x2f, 0x62, 0xd2, 0xff, 0x2f, 0x62,
  0xd2, 0xff, 0x2f, 0x62, 0xd2, 0xff, 0x2f, 0x62, 0xd2, 0xff, 0x2f, 0x62,
  0xd2, 0xff, 0x2f, 0x62, 0xd2, 0xff, 0x2e, 0x61, 0xcf, 0xff, 0x07, 0x36,
  0x87, 0xff, 0x07, 0x36, 0x87, 0xff, 0x2e, 0x61, 0xd0, 0xff, 0x30, 0x63,
  0xd4, 0xff, 0x30, 0x63, 0xd3, 0xff, 0x30, 0x63, 0xd3, 0xff, 0x30, 0x63,
  0xd3, 0xff, 0x30, 0x63, 0xd3, 0xff, 0x30, 0x63, 0xd3, 0xff, 0x30, 0x63,
  0xd3, 0xff, 0x30, 0x63, 0xd3, 0xff, 0x30, 0x63, 0xd4, 0xff, 0x30, 0x65,
  0xd8, 0xff, 0x1e, 0x2d, 0x4f, 0xff, 0x16, 0x0e, 0x00, 0xff, 0x17, 0x11,
  0x07, 0xff, 0x16, 0x11, 0x07, 0xff, 0x16, 0x11, 0x07, 0xff, 0x17, 0x12,
  0x08, 0xff, 0x16, 0x10, 0x06, 0xff, 0x16, 0x14, 0x11, 0xff, 0x12, 0x58,
  0xc9, 0xff, 0x0f, 0x6c, 0xff, 0xff, 0x10, 0x6a, 0xff, 0xff, 0x0f, 0x6c,
  0xff, 0xff, 0x12, 0x4e, 0xaf, 0xff, 0x17, 0x0d, 0x01, 0xff, 0x15, 0x21,
  0x32, 0xff, 0x14, 0x2c, 0x4e, 0xff, 0x19, 0x11, 0x04, 0xff, 0x3e, 0x38,
  0x2a, 0xff, 0x28, 0x23, 0x18, 0xff, 0x15, 0x0d, 0x02, 0xff, 0x14, 0x0e,
  0x02, 0xff, 0x2b, 0x25, 0x1a, 0xff, 0x3b, 0x35, 0x28, 0xff, 0x18, 0x0f,
  0x02, 0xff, 0x15, 0x30, 0x58, 0xff, 0x15, 0x24, 0x3a, 0xff, 0x17, 0x0d,
  0x01, 0xff, 0x11, 0x50, 0xb7, 0xff, 0x0f, 0x6c, 0xff, 0xff, 0x10, 0x6a,
  0xff, 0xff, 0x10, 0x6c, 0xff, 0xff, 0x13, 0x4d, 0xaa, 0xff, 0x17, 0x11,
  0x06, 0xff, 0x17, 0x11, 0x07, 0xff, 0x17, 0x12, 0x09, 0xff, 0x17, 0x12,
  0x08, 0xff, 0x17, 0x11, 0x07, 0xff, 0x17, 0x11, 0x07, 0xff, 0x16, 0x0e,
  0x00, 0xff, 0x1f, 0x2e, 0x51, 0xff, 0x30, 0x65, 0xd9, 0xff, 0x30, 0x63,
  0xd3, 0xff, 0x30, 0x63, 0xd3, 0xff, 0x30, 0x63, 0xd3, 0xff, 0x30, 0x63,
  0xd3, 0xff, 0x30, 0x63, 0xd3, 0xff, 0x30, 0x63, 0xd3, 0xff, 0x30, 0x63,
  0xd3, 0xff, 0x30, 0x63, 0xd3, 0xff, 0x30, 0x63, 0xd4, 0xff, 0x2e, 0x61,
  0xd0, 0xff, 0x07, 0x36, 0x87, 0xff, 0x07, 0x37, 0x87, 0xff, 0x2f, 0x62,
  0xd2, 0xff, 0x31, 0x64, 0xd5, 0xff, 0x31, 0x64, 0xd5, 0xff, 0x30, 0x64,
  0xd5, 0xff, 0x30, 0x64, 0xd5, 0xff, 0x30, 0x64, 0xd5, 0xff, 0x30, 0x64,
  0xd5, 0xff, 0x30, 0x64, 0xd5, 0xff, 0x30, 0x64, 0xd4, 0xff, 0x30, 0x64,
  0xd5, 0xff, 0x31, 0x66, 0xd9, 0xff, 0x2c, 0x57, 0xb7, 0xff, 0x17, 0x15,
  0x11, 0xff, 0x17, 0x10, 0x05, 0xff, 0x16, 0x11, 0x07, 0xff, 0x17, 0x11,
  0x06, 0xff, 0x17, 0x11, 0x06, 0xff, 0x17, 0x12, 0x08, 0xff, 0x16, 0x0e,
  0x02, 0xff, 0x16, 0x1d, 0x27, 0xff, 0x11, 0x5f, 0xdc, 0xff, 0x10, 0x6b,
  0xff, 0xff, 0x0f, 0x6c, 0xff, 0xff, 0x14, 0x36, 0x6a, 0xff, 0x17, 0x0a,
  0x00, 0xff, 0x13, 0x3a, 0x79, 0xff, 0x11, 0x56, 0xc5, 0xff, 0x15, 0x0e,
  0x03, 0xff, 0x2c, 0x26, 0x1a, 0xff, 0x22, 0x1d, 0x12, 0xff, 0x15, 0x10,
  0x07, 0xff, 0x15, 0x10, 0x07, 0xff, 0x23, 0x1e, 0x13, 0xff, 0x28, 0x22,
  0x17, 0xff, 0x15, 0x0f, 0x06, 0xff, 0x11, 0x59, 0xcd, 0xff, 0x13, 0x3d,
  0x7e, 0xff, 0x17, 0x0a, 0x00, 0xff, 0x13, 0x39, 0x75, 0xff, 0x0f, 0x6c,
  0xff, 0xff, 0x10, 0x6c, 0xff, 0xff, 0x12, 0x55, 0xc1, 0xff, 0x17, 0x17,
  0x14, 0xff, 0x17, 0x10, 0x05, 0xff, 0x17, 0x12, 0x08, 0xff, 0x17, 0x11,
  0x07, 0xff, 0x17, 0x11, 0x07, 0xff, 0x17, 0x11, 0x07, 0xff, 0x17, 0x10,
  0x05, 0xff, 0x17, 0x15, 0x10, 0xff, 0x2c, 0x57, 0xb6, 0xff, 0x31, 0x66,
  0xd9, 0xff, 0x30, 0x64, 0xd4, 0xff, 0x30, 0x64, 0xd5, 0xff, 0x30, 0x64,
  0xd4, 0xff, 0x30, 0x64, 0xd4, 0xff, 0x30, 0x64, 0xd4, 0xff, 0x30, 0x64,
  0xd4, 0xff, 0x30, 0x64, 0xd4, 0xff, 0x31, 0x64, 0xd5, 0xff, 0x31, 0x64,
  0xd5, 0xff, 0x2f, 0x62, 0xd2, 0xff, 0x07, 0x37, 0x87, 0xff, 0x07, 0x37,
  0x87, 0xff, 0x2f, 0x63, 0xd3, 0xff, 0x31, 0x65, 0xd7, 0xff, 0x31, 0x65,
  0xd6, 0xff, 0x31, 0x65, 0xd6, 0xff, 0x31, 0x65, 0xd6, 0xff, 0x31, 0x65,
  0xd6, 0xff, 0x31, 0x65, 0xd6, 0xff, 0x31, 0x65, 0xd6, 0xff, 0x31, 0x65,
  0xd6, 0xff, 0x31, 0x65, 0xd6, 0xff, 0x31, 0x65, 0xd6, 0xff, 0x32, 0x69,
  0xdf, 0xff, 0x22, 0x39, 0x6c, 0xff, 0x15, 0x0c, 0x00, 0xff, 0x15, 0x0d,
  0x00, 0xff, 0x17, 0x14, 0x0e, 0xff, 0x18, 0x15, 0x12, 0xff, 0x17, 0x10,
  0x05, 0xff, 0x16, 0x11, 0x08, 0xff, 0x17, 0x0e, 0x01, 0xff, 0x16, 0x1f,
  0x2d, 0xff, 0x11, 0x5e, 0xd9, 0xff, 0x11, 0x60, 0xe3, 0xff, 0x16, 0x16,
  0x14, 0xff, 0x17, 0x0f, 0x05, 0xff, 0x11, 0x55, 0xc4, 0xff, 0x0f, 0x66,
  0xf5, 0xff, 0x15, 0x19, 0x1d, 0xff, 0x17, 0x10, 0x05, 0xff, 0x16, 0x11,
  0x07, 0xff, 0x16, 0x11, 0x07, 0xff, 0x16, 0x11, 0x08, 0xff, 0x16, 0x11,
  0x07, 0xff, 0x17, 0x0f, 0x03, 0xff, 0x16, 0x1d, 0x27, 0xff, 0x0f, 0x68,
  0xfa, 0xff, 0x11, 0x55, 0xc4, 0xff, 0x17, 0x0f, 0x05, 0xff, 0x16, 0x19,
  0x1c, 0xff, 0x10, 0x64, 0xed, 0xff, 0x12, 0x54, 0xbc, 0xff, 0x17, 0x18,
  0x17, 0xff, 0x17, 0x10, 0x03, 0xff, 0x17, 0x12, 0x08, 0xff, 0x17, 0x10,
  0x04, 0xff, 0x18, 0x15, 0x12, 0xff, 0x17, 0x14, 0x0e, 0xff, 0x15, 0x0d,
  0x00, 0xff, 0x15, 0x0c, 0x00, 0xff, 0x22, 0x37, 0x67, 0xff, 0x32, 0x68,
  0xdf, 0xff, 0x31, 0x65, 0xd6, 0xff, 0x31, 0x65, 0xd6, 0xff, 0x31, 0x65,
  0xd6, 0xff, 0x31, 0x65, 0xd6, 0xff, 0x31, 0x65, 0xd6, 0xff, 0x31, 0x65,
  0xd6, 0xff, 0x31, 0x65, 0xd6, 0xff, 0x31, 0x65, 0xd6, 0xff, 0x31, 0x65,
  0xd6, 0xff, 0x31, 0x65, 0xd7, 0xff, 0x2f, 0x63, 0xd3, 0xff, 0x07, 0x37,
  0x87, 0xff, 0x07, 0x37, 0x87, 0xff, 0x30, 0x64, 0xd5, 0xff, 0x32, 0x66,
  0xd8, 0xff, 0x32, 0x66, 0xd8, 0xff, 0x32, 0x66, 0xd8, 0xff, 0x32, 0x66,
  0xd8, 0xff, 0x32, 0x66, 0xd8, 0xff, 0x32, 0x66, 0xd8, 0xff, 0x32, 0x66,
  0xd8, 0xff, 0x31, 0x66, 0xd7, 0xff, 0x32, 0x66, 0xd8, 0xff, 0x31, 0x66,
  0xd7, 0xff, 0x32, 0x67, 0xda, 0xff, 0x2f, 0x5f, 0xc8, 0xff, 0x1e, 0x2b,
  0x49, 0xff, 0x23, 0x3c, 0x73, 0xff, 0x2d, 0x59, 0xb8, 0xff, 0x2a, 0x52,
  0xa8, 0xff, 0x17, 0x15, 0x13, 0xff, 0x16, 0x0f, 0x03, 0xff, 0x17, 0x11,
  0x08, 0xff, 0x17, 0x0e, 0x01, 0xff, 0x16, 0x1b, 0x23, 0xff, 0x14, 0x45,
  0x90, 0xff, 0x16, 0x1a, 0x1f, 0xff, 0x17, 0x0d, 0x00, 0xff, 0x14, 0x34,
  0x68, 0xff, 0x0f, 0x6e, 0xff, 0xff, 0x14, 0x34, 0x67, 0xff, 0x16, 0x0c,
  0x00, 0xff, 0x16, 0x0f, 0x04, 0xff, 0x16, 0x10, 0x06, 0xff, 0x16, 0x10,
  0x06, 0xff, 0x16, 0x0f, 0x05, 0xff, 0x16, 0x0c, 0x00, 0xff, 0x13, 0x3e,
  0x81, 0xff, 0x0f, 0x6d, 0xff, 0xff, 0x14, 0x31, 0x5e, 0xff, 0x17, 0x0d,
  0x00, 0xff, 0x16, 0x1e, 0x27, 0xff, 0x15, 0x3d, 0x78, 0xff, 0x17, 0x15,
  0x10, 0xff, 0x17, 0x10, 0x04, 0xff, 0x17, 0x12, 0x08, 0xff, 0x17, 0x10,
  0x03, 0xff, 0x18, 0x16, 0x14, 0xff, 0x2a, 0x52, 0xa8, 0xff, 0x2c, 0x58,
  0xb7, 0xff, 0x23, 0x3b, 0x70, 0xff, 0x1d, 0x28, 0x43, 0xff, 0x2f, 0x5e,
  0xc5, 0xff, 0x32, 0x67, 0xdb, 0xff, 0x32, 0x66, 0xd8, 0xff, 0x31, 0x66,
  0xd7, 0xff, 0x32, 0x66, 0xd8, 0xff, 0x31, 0x66, 0xd7, 0xff, 0x31, 0x66,
  0xd7, 0xff, 0x31, 0x66, 0xd7, 0xff, 0x31, 0x66, 0xd7, 0xff, 0x31, 0x66,
  0xd7, 0xff, 0x32, 0x66, 0xd8, 0xff, 0x32, 0x66, 0xd8, 0xff, 0x30, 0x64,
  0xd5, 0xff, 0x07, 0x37, 0x87, 0xff, 0x07, 0x37, 0x88, 0xff, 0x31, 0x65,
  0xd6, 0xff, 0x33, 0x67, 0xda, 0xff, 0x32, 0x67, 0xd9, 0xff, 0x32, 0x67,
  0xd9, 0xff, 0x32, 0x67, 0xd9, 0xff, 0x32, 0x67, 0xd9, 0xff, 0x32, 0x67,
  0xd9, 0xff, 0x32, 0x67, 0xd9, 0xff, 0x32, 0x67, 0xd9, 0xff, 0x32, 0x67,
  0xd9, 0xff, 0x32, 0x67, 0xd9, 0xff, 0x32, 0x67, 0xd9, 0xff, 0x32, 0x67,
  0xda, 0xff, 0x32, 0x68, 0xdd, 0xff, 0x33, 0x6a, 0xe2, 0xff, 0x33, 0x68,
  0xdd, 0xff, 0x34, 0x6a, 0xe2, 0xff, 0x29, 0x4e, 0x9e, 0xff, 0x17, 0x13,
  0x0e, 0xff, 0x17, 0x10, 0x05, 0xff, 0x17, 0x11, 0x08, 0xff, 0x16, 0x0f,
  0x03, 0xff, 0x16, 0x14, 0x10, 0xff, 0x16, 0x1f, 0x29, 0xff, 0x16, 0x0f,
  0x05, 0xff, 0x16, 0x12, 0x0c, 0xff, 0x11, 0x5a, 0xd2, 0xff, 0x10, 0x64,
  0xea, 0xff, 0x15, 0x1c, 0x25, 0xff, 0x14, 0x35, 0x6a, 0xff, 0x15, 0x23,
  0x39, 0xff, 0x15, 0x26, 0x41, 0xff, 0x14, 0x32, 0x60, 0xff, 0x15, 0x24,
  0x3a, 0xff, 0x10, 0x69, 0xf7, 0xff, 0x11, 0x54, 0xc0, 0xff, 0x16, 0x11,
  0x07, 0xff, 0x16, 0x10, 0x07, 0xff, 0x17, 0x1d, 0x24, 0xff, 0x16, 0x11,
  0x08, 0xff, 0x17, 0x10, 0x05, 0xff, 0x17, 0x12, 0x08, 0xff, 0x17, 0x11,
  0x06, 0xff, 0x18, 0x14, 0x0f, 0xff, 0x2a, 0x4f, 0xa0, 0xff, 0x34, 0x6a,
  0xe2, 0xff, 0x33, 0x69, 0xde, 0xff, 0x33, 0x6a, 0xe2, 0xff, 0x33, 0x68,
  0xdd, 0xff, 0x33, 0x67, 0xdb, 0xff, 0x32, 0x66, 0xd9, 0xff, 0x32, 0x67,
  0xd9, 0xff, 0x32, 0x67, 0xd9, 0xff, 0x32, 0x67, 0xd9, 0xff, 0x32, 0x67,
  0xd9, 0xff, 0x32, 0x67, 0xd9, 0xff, 0x32, 0x67, 0xd9, 0xff, 0x32, 0x67,
  0xd9, 0xff, 0x32, 0x67, 0xd9, 0xff, 0x32, 0x67, 0xd9, 0xff, 0x33, 0x67,
  0xda, 0xff, 0x31, 0x65, 0xd6, 0xff, 0x07, 0x37, 0x88, 0xff, 0x07, 0x37,
  0x88, 0xff, 0x31, 0x66, 0xd8, 0xff, 0x33, 0x68, 0xdb, 0xff, 0x33, 0x68,
  0xdb, 0xff, 0x33, 0x68, 0xdb, 0xff, 0x33, 0x68, 0xdb, 0xff, 0x33, 0x68,
  0xdb, 0xff, 0x33, 0x68, 0xdb, 0xff, 0x33, 0x68, 0xdb, 0xff, 0x33, 0x68,
  0xdb, 0xff, 0x33, 0x68, 0xdb, 0xff, 0x33, 0x68, 0xdb, 0xff, 0x33, 0x68,
  0xdb, 0xff, 0x33, 0x68, 0xdb, 0xff, 0x33, 0x68, 0xdb, 0xff, 0x33, 0x68,
  0xdb, 0xff, 0x33, 0x68, 0xdb, 0xff, 0x33, 0x68, 0xda, 0xff, 0x34, 0x6c,
  0xe4, 0xff, 0x28, 0x49, 0x91, 0xff, 0x17, 0x11, 0x06, 0xff, 0x17, 0x11,
  0x07, 0xff, 0x17, 0x11, 0x08, 0xff, 0x16, 0x10, 0x06, 0xff, 0x16, 0x10,
  0x04, 0xff, 0x17, 0x11, 0x08, 0xff, 0x16, 0x0e, 0x00, 0xff, 0x15, 0x2b,
  0x4d, 0xff, 0x0f, 0x6c, 0xff, 0xff, 0x11, 0x58, 0xcc, 0xff, 0x10, 0x60,
  0xe5, 0xff, 0x12, 0x43, 0x93, 0xff, 0x12, 0x47, 0x9e, 0xff, 0x11, 0x5f,
  0xe0, 0xff, 0x11, 0x5d, 0xdb, 0xff, 0x10, 0x68, 0xf7, 0xff, 0x16, 0x23,
  0x37, 0xff, 0x16, 0x0e, 0x02, 0xff, 0x17, 0x11, 0x08, 0xff, 0x16, 0x10,
  0x05, 0xff, 0x17, 0x11, 0x07, 0xff, 0x17, 0x12, 0x08, 0xff, 0x17, 0x11,
  0x08, 0xff, 0x17, 0x11, 0x07, 0xff, 0x28, 0x4a, 0x92, 0xff, 0x34, 0x6c,
  0xe4, 0xff, 0x33, 0x68, 0xdb, 0xff, 0x33, 0x68, 0xdb, 0xff, 0x33, 0x68,
  0xdb, 0xff, 0x33, 0x68, 0xdb, 0xff, 0x33, 0x68, 0xdb, 0xff, 0x33, 0x68,
  0xdb, 0xff, 0x33, 0x68, 0xdb, 0xff, 0x33, 0x68, 0xdb, 0xff, 0x33, 0x68,
  0xdb, 0xff, 0x33, 0x68, 0xdb, 0xff, 0x33, 0x68, 0xdb, 0xff, 0x33, 0x68,
  0xdb, 0xff, 0x33, 0x68, 0xdb, 0xff, 0x33, 0x68, 0xdb, 0xff, 0x33, 0x68,
  0xdb, 0xff, 0x33, 0x68, 0xdb, 0xff, 0x31, 0x66, 0xd8, 0xff, 0x07, 0x37,
  0x88, 0xff, 0x07, 0x37, 0x88, 0xff, 0x32, 0x67, 0xd9, 0xff, 0x34, 0x69,
  0xdd, 0xff, 0x34, 0x69, 0xdc, 0xff, 0x34, 0x69, 0xdc, 0xff, 0x34, 0x69,
  0xdc, 0xff, 0x34, 0x69, 0xdc, 0xff, 0x34, 0x69, 0xdc, 0xff, 0x34, 0x69,
  0xdc, 0xff, 0x33, 0x68, 0xdc, 0xff, 0x34, 0x69, 0xdc, 0xff, 0x33, 0x68,
  0xdc, 0xff, 0x34, 0x69, 0xdc, 0xff, 0x33, 0x68, 0xdc, 0xff, 0x33, 0x68,
  0xdc, 0xff, 0x34, 0x68, 0xdc, 0xff, 0x33, 0x68, 0xdc, 0xff, 0x33, 0x68,
  0xdc, 0xff, 0x35, 0x6c, 0xe4, 0xff, 0x2a, 0x4e, 0x9d, 0xff, 0x16, 0x10,
  0x04, 0xff, 0x17, 0x11, 0x08, 0xff, 0x17, 0x11, 0x08, 0xff, 0x16, 0x11,
  0x07, 0xff, 0x16, 0x11, 0x07, 0xff, 0x17, 0x11, 0x07, 0xff, 0x16, 0x11,
  0x07, 0xff, 0x16, 0x0e, 0x02, 0xff, 0x12, 0x4a, 0xa5, 0xff, 0x0f, 0x6c,
  0xff, 0xff, 0x0f, 0x69, 0xff, 0xff, 0x10, 0x61, 0xe5, 0xff, 0x10, 0x61,
  0xe9, 0xff, 0x0f, 0x69, 0xff, 0xff, 0x0f, 0x6c, 0xff, 0xff, 0x13, 0x42,
  0x8c, 0xff, 0x17, 0x0d, 0x00, 0xff, 0x16, 0x11, 0x08, 0xff, 0x16, 0x11,
  0x08, 0xff, 0x16, 0x11, 0x07, 0xff, 0x16, 0x11, 0x08, 0xff, 0x17, 0x12,
  0x08, 0xff, 0x17, 0x12, 0x08, 0xff, 0x16, 0x10, 0x05, 0xff, 0x2b, 0x50,
  0xa1, 0xff, 0x35, 0x6c, 0xe3, 0xff, 0x34, 0x69, 0xdc, 0xff, 0x34, 0x69,
  0xdc, 0xff, 0x34, 0x69, 0xdc, 0xff, 0x34, 0x69, 0xdc, 0xff, 0x34, 0x69,
  0xdc, 0xff, 0x33, 0x68, 0xdc, 0xff, 0x34, 0x69, 0xdc, 0xff, 0x33, 0x68,
  0xdc, 0xff, 0x34, 0x69, 0xdc, 0xff, 0x33, 0x68, 0xdc, 0xff, 0x33, 0x68,
  0xdc, 0xff, 0x33, 0x68, 0xdc, 0xff, 0x33, 0x68, 0xdc, 0xff, 0x33, 0x68,
  0xdc, 0xff, 0x34, 0x69, 0xdc, 0xff, 0x34, 0x69, 0xdd, 0xff, 0x32, 0x67,
  0xd9, 0xff, 0x07, 0x37, 0x88, 0xff, 0x08, 0x37, 0x88, 0xff, 0x33, 0x68,
  0xda, 0xff, 0x34, 0x6a, 0xde, 0xff, 0x34, 0x6a, 0xde, 0xff, 0x34, 0x6a,
  0xde, 0xff, 0x34, 0x6a, 0xde, 0xff, 0x34, 0x6a, 0xde, 0xff, 0x34, 0x6a,
  0xde, 0xff, 0x34, 0x6a, 0xde, 0xff, 0x34, 0x69, 0xdd, 0xff, 0x34, 0x6a,
  0xde, 0xff, 0x34, 0x69, 0xdd, 0xff, 0x34, 0x6a, 0xde, 0xff, 0x34, 0x69,
  0xdd, 0xff, 0x34, 0x69, 0xdd, 0xff, 0x34, 0x69, 0xdd, 0xff, 0x34, 0x69,
  0xdd, 0xff, 0x34, 0x6a, 0xde, 0xff, 0x35, 0x6c, 0xe5, 0xff, 0x20, 0x30,
  0x55, 0xff, 0x16, 0x0e, 0x00, 0xff, 0x17, 0x11, 0x08, 0xff, 0x17, 0x11,
  0x08, 0xff, 0x16, 0x11, 0x07, 0xff, 0x16, 0x11, 0x07, 0xff, 0x16, 0x11,
  0x07, 0xff, 0x16, 0x11, 0x07, 0xff, 0x16, 0x0f, 0x03, 0xff, 0x15, 0x1c,
  0x25, 0xff, 0x10, 0x62, 0xea, 0xff, 0x0f, 0x68, 0xff, 0xff, 0x0f, 0x68,
  0xff, 0xff, 0x0f, 0x68, 0xff, 0xff, 0x0f, 0x69, 0xff, 0xff, 0x10, 0x5d,
  0xdb, 0xff, 0x16, 0x17, 0x16, 0xff, 0x16, 0x10, 0x05, 0xff, 0x16, 0x11,
  0x07, 0xff, 0x16, 0x11, 0x07, 0xff, 0x16, 0x11, 0x07, 0xff, 0x16, 0x11,
  0x08, 0xff, 0x17, 0x11, 0x08, 0xff, 0x17, 0x12, 0x08, 0xff, 0x16, 0x0e,
  0x00, 0xff, 0x22, 0x34, 0x5b, 0xff, 0x35, 0x6d, 0xe6, 0xff, 0x34, 0x6a,
  0xde, 0xff, 0x34, 0x6a, 0xde, 0xff, 0x34, 0x6a, 0xde, 0xff, 0x34, 0x6a,
  0xde, 0xff, 0x34, 0x6a, 0xde, 0xff, 0x34, 0x69, 0xdd, 0xff, 0x34, 0x6a,
  0xde, 0xff, 0x34, 0x69, 0xdd, 0xff, 0x34, 0x6a, 0xde, 0xff, 0x34, 0x69,
  0xdd, 0xff, 0x34, 0x69, 0xdd, 0xff, 0x34, 0x69, 0xdd, 0xff, 0x34, 0x69,
  0xdd, 0xff, 0x34, 0x69, 0xdd, 0xff, 0x34, 0x6a, 0xde, 0xff, 0x34, 0x6a,
  0xde, 0xff, 0x33, 0x68, 0xda, 0xff, 0x08, 0x37, 0x88, 0xff, 0x08, 0x38,
  0x89, 0xff, 0x33, 0x69, 0xdc, 0xff, 0x35, 0x6b, 0xe0, 0xff, 0x35, 0x6a,
  0xdf, 0xff, 0x35, 0x6a, 0xdf, 0xff, 0x35, 0x6a, 0xdf, 0xff, 0x35, 0x6a,
  0xdf, 0xff, 0x35, 0x6a, 0xdf, 0xff, 0x35, 0x6a, 0xdf, 0xff, 0x35, 0x6a,
  0xdf, 0xff, 0x35, 0x6a, 0xdf, 0xff, 0x35, 0x6a, 0xdf, 0xff, 0x35, 0x6a,
  0xdf, 0xff, 0x35, 0x6a, 0xdf, 0xff, 0x35, 0x6a, 0xdf, 0xff, 0x35, 0x6a,
  0xdf, 0xff, 0x35, 0x6a, 0xdf, 0xff, 0x35, 0x6b, 0xe1, 0xff, 0x32, 0x64,
  0xd1, 0xff, 0x18, 0x17, 0x18, 0xff, 0x16, 0x0f, 0x01, 0xff, 0x17, 0x12,
  0x08, 0xff, 0x17, 0x11, 0x08, 0xff, 0x16, 0x11, 0x07, 0xff, 0x16, 0x10,
  0x05, 0xff, 0x16, 0x0f, 0x02, 0xff, 0x15, 0x0d, 0x00, 0xff, 0x15, 0x0f,
  0x02, 0xff, 0x16, 0x0c, 0x00, 0xff, 0x14, 0x38, 0x73, 0xff, 0x0f, 0x6b,
  0xff, 0xff, 0x0f, 0x68, 0xfe, 0xff, 0x0f, 0x68, 0xfe, 0xff, 0x0f, 0x6a,
  0xff, 0xff, 0x15, 0x30, 0x5a, 0xff, 0x16, 0x0d, 0x00, 0xff, 0x16, 0x0f,
  0x02, 0xff, 0x15, 0x0d, 0x00, 0xff, 0x16, 0x0f, 0x02, 0xff, 0x16, 0x10,
  0x05, 0xff, 0x17, 0x11, 0x08, 0xff, 0x17, 0x12, 0x08, 0xff, 0x17, 0x12,
  0x08, 0xff, 0x16, 0x0f, 0x00, 0xff, 0x1a, 0x1b, 0x1e, 0xff, 0x33, 0x66,
  0xd6, 0xff, 0x35, 0x6b, 0xe1, 0xff, 0x35, 0x6a, 0xdf, 0xff, 0x35, 0x6a,
  0xdf, 0xff, 0x35, 0x6a, 0xdf, 0xff, 0x35, 0x6a, 0xdf, 0xff, 0x35, 0x6a,
  0xdf, 0xff, 0x35, 0x6a, 0xdf, 0xff, 0x35, 0x6a, 0xdf, 0xff, 0x35, 0x6a,
  0xdf, 0xff, 0x35, 0x6a, 0xdf, 0xff, 0x35, 0x6a, 0xdf, 0xff, 0x35, 0x6a,
  0xdf, 0xff, 0x35, 0x6a, 0xdf, 0xff, 0x35, 0x6a, 0xdf, 0xff, 0x35, 0x6a,
  0xdf, 0xff, 0x35, 0x6b, 0xe0, 0xff, 0x33, 0x69, 0xdc, 0xff, 0x08, 0x38,
  0x89, 0xff, 0x08, 0x38, 0x89, 0xff, 0x34, 0x69, 0xdd, 0xff, 0x36, 0x6c,
  0xe1, 0xff, 0x36, 0x6b, 0xe1, 0xff, 0x36, 0x6b, 0xe1, 0xff, 0x36, 0x6b,
  0xe1, 0xff, 0x36, 0x6b, 0xe1, 0xff, 0x36, 0x6b, 0xe1, 0xff, 0x36, 0x6b,
  0xe1, 0xff, 0x35, 0x6b, 0xe1, 0xff, 0x36, 0x6b, 0xe1, 0xff, 0x35, 0x6b,
  0xe1, 0xff, 0x36, 0x6b, 0xe1, 0xff, 0x35, 0x6b, 0xe1, 0xff, 0x35, 0x6b,
  0xe1, 0xff, 0x35, 0x6b, 0xe1, 0xff, 0x35, 0x6b, 0xe1, 0xff, 0x36, 0x6c,
  0xe2, 0xff, 0x35, 0x6a, 0xdd, 0xff, 0x27, 0x43, 0x81, 0xff, 0x19, 0x18,
  0x19, 0xff, 0x16, 0x0e, 0x00, 0xff, 0x17, 0x11, 0x07, 0xff, 0x16, 0x10,
  0x04, 0xff, 0x18, 0x16, 0x13, 0xff, 0x29, 0x4b, 0x94, 0xff, 0x26, 0x3f,
  0x78, 0xff, 0x1c, 0x24, 0x35, 0xff, 0x16, 0x10, 0x06, 0xff, 0x16, 0x11,
  0x0b, 0xff, 0x11, 0x56, 0xc8, 0xff, 0x0f, 0x6a, 0xff, 0xff, 0x0f, 0x6b,
  0xff, 0xff, 0x12, 0x4f, 0xb2, 0xff, 0x16, 0x0f, 0x04, 0xff, 0x16, 0x11,
  0x06, 0xff, 0x1c, 0x22, 0x30, 0xff, 0x25, 0x3e, 0x74, 0xff, 0x29, 0x4b,
  0x94, 0xff, 0x18, 0x16, 0x13, 0xff, 0x16, 0x10, 0x05, 0xff, 0x17, 0x11,
  0x07, 0xff, 0x16, 0x0e, 0x00, 0xff, 0x1a, 0x1c, 0x21, 0xff, 0x29, 0x49,
  0x8f, 0xff, 0x35, 0x6b, 0xdf, 0xff, 0x36, 0x6c, 0xe1, 0xff, 0x36, 0x6b,
  0xe1, 0xff, 0x36, 0x6b, 0xe1, 0xff, 0x36, 0x6b, 0xe1, 0xff, 0x36, 0x6b,
  0xe1, 0xff, 0x35, 0x6b, 0xe1, 0xff, 0x36, 0x6b, 0xe1, 0xff, 0x35, 0x6b,
  0xe1, 0xff, 0x36, 0x6b, 0xe1, 0xff, 0x35, 0x6b, 0xe1, 0xff, 0x35, 0x6b,
  0xe1, 0xff, 0x35, 0x6b, 0xe1, 0xff, 0x35, 0x6b, 0xe1, 0xff, 0x35, 0x6b,
  0xe1, 0xff, 0x36, 0x6b, 0xe1, 0xff, 0x36, 0x6c, 0xe1, 0xff, 0x34, 0x69,
  0xdd, 0xff, 0x08, 0x38, 0x89, 0xff, 0x08, 0x38, 0x89, 0xff, 0x34, 0x6a,
  0xdf, 0xff, 0x36, 0x6c, 0xe3, 0xff, 0x36, 0x6c, 0xe2, 0xff, 0x36, 0x6c,
  0xe2, 0xff, 0x36, 0x6c, 0xe2, 0xff, 0x36, 0x6c, 0xe2, 0xff, 0x36, 0x6c,
  0xe2, 0xff, 0x36, 0x6c, 0xe2, 0xff, 0x36, 0x6c, 0xe2, 0xff, 0x36, 0x6c,
  0xe2, 0xff, 0x36, 0x6c, 0xe2, 0xff, 0x36, 0x6c, 0xe2, 0xff, 0x36, 0x6c,
  0xe2, 0xff, 0x36, 0x6c, 0xe2, 0xff, 0x36, 0x6c, 0xe2, 0xff, 0x36, 0x6c,
  0xe2, 0xff, 0x36, 0x6c, 0xe2, 0xff, 0x36, 0x6d, 0xe3, 0xff, 0x38, 0x70,
  0xeb, 0xff, 0x32, 0x62, 0xca, 0xff, 0x22, 0x34, 0x5c, 0xff, 0x17, 0x11,
  0x07, 0xff, 0x16, 0x10, 0x05, 0xff, 0x2b, 0x4e, 0x9b, 0xff, 0x38, 0x71,
  0xee, 0xff, 0x37, 0x70, 0xec, 0xff, 0x37, 0x6e, 0xe7, 0xff, 0x26, 0x41,
  0x7b, 0xff, 0x15, 0x0a, 0x00, 0xff, 0x15, 0x22, 0x38, 0xff, 0x10, 0x66,
  0xf4, 0xff, 0x10, 0x62, 0xe8, 0xff, 0x15, 0x1d, 0x28, 0xff, 0x15, 0x0b,
  0x00, 0xff, 0x25, 0x3d, 0x72, 0xff, 0x36, 0x6d, 0xe5, 0xff, 0x38, 0x70,
  0xeb, 0xff, 0x38, 0x71, 0xef, 0xff, 0x2a, 0x4d, 0x99, 0xff, 0x16, 0x10,
  0x04, 0xff, 0x17, 0x13, 0x0c, 0xff, 0x24, 0x39, 0x6a, 0xff, 0x33, 0x65,
  0xd2, 0xff, 0x37, 0x70, 0xeb, 0xff, 0x36, 0x6c, 0xe3, 0xff, 0x36, 0x6c,
  0xe2, 0xff, 0x36, 0x6c, 0xe2, 0xff, 0x36, 0x6c, 0xe2, 0xff, 0x36, 0x6c,
  0xe2, 0xff, 0x36, 0x6c, 0xe2, 0xff, 0x36, 0x6c, 0xe2, 0xff, 0x36, 0x6c,
  0xe2, 0xff, 0x36, 0x6c, 0xe2, 0xff, 0x36, 0x6c, 0xe2, 0xff, 0x36, 0x6c,
  0xe2, 0xff, 0x36, 0x6c, 0xe2, 0xff, 0x36, 0x6c, 0xe2, 0xff, 0x36, 0x6c,
  0xe2, 0xff, 0x36, 0x6c, 0xe2, 0xff, 0x36, 0x6c, 0xe2, 0xff, 0x36, 0x6c,
  0xe3, 0xff, 0x34, 0x6a, 0xdf, 0xff, 0x08, 0x38, 0x89, 0xff, 0x08, 0x38,
  0x89, 0xff, 0x35, 0x6b, 0xe0, 0xff, 0x37, 0x6d, 0xe4, 0xff, 0x37, 0x6d,
  0xe4, 0xff, 0x37, 0x6d, 0xe4, 0xff, 0x37, 0x6d, 0xe4, 0xff, 0x37, 0x6d,
  0xe4, 0xff, 0x37, 0x6d, 0xe4, 0xff, 0x37, 0x6d, 0xe4, 0xff, 0x37, 0x6d,
  0xe3, 0xff, 0x37, 0x6d, 0xe4, 0xff, 0x37, 0x6d, 0xe3, 0xff, 0x37, 0x6d,
  0xe4, 0xff, 0x37, 0x6d, 0xe3, 0xff, 0x37, 0x6d, 0xe3, 0xff, 0x37, 0x6d,
  0xe3, 0xff, 0x37, 0x6d, 0xe3, 0xff, 0x37, 0x6d, 0xe3, 0xff, 0x37, 0x6d,
  0xe4, 0xff, 0x37, 0x6d, 0xe4, 0xff, 0x38, 0x6f, 0xe8, 0xff, 0x38, 0x70,
  0xeb, 0xff, 0x2d, 0x54, 0xa9, 0xff, 0x2a, 0x4c, 0x96, 0xff, 0x38, 0x70,
  0xea, 0xff, 0x37, 0x6d, 0xe4, 0xff, 0x37, 0x6d, 0xe3, 0xff, 0x37, 0x6e,
  0xe6, 0xff, 0x36, 0x6d, 0xe4, 0xff, 0x1e, 0x28, 0x41, 0xff, 0x15, 0x09,
  0x00, 0xff, 0x14, 0x34, 0x64, 0xff, 0x15, 0x2d, 0x54, 0xff, 0x15, 0x0a,
  0x00, 0xff, 0x1d, 0x26, 0x3a, 0xff, 0x36, 0x6c, 0xe1, 0xff, 0x37, 0x6e,
  0xe6, 0xff, 0x37, 0x6d, 0xe4, 0xff, 0x37, 0x6d, 0xe4, 0xff, 0x38, 0x70,
  0xea, 0xff, 0x2b, 0x4c, 0x96, 0xff, 0x2f, 0x58, 0xb2, 0xff, 0x38, 0x71,
  0xec, 0xff, 0x37, 0x6e, 0xe6, 0xff, 0x37, 0x6d, 0xe3, 0xff, 0x37, 0x6d,
  0xe4, 0xff, 0x37, 0x6d, 0xe4, 0xff, 0x37, 0x6d, 0xe4, 0xff, 0x37, 0x6d,
  0xe4, 0xff, 0x37, 0x6d, 0xe4, 0xff, 0x37, 0x6d, 0xe4, 0xff, 0x37, 0x6d,
  0xe3, 0xff, 0x37, 0x6d, 0xe4, 0xff, 0x37, 0x6d, 0xe3, 0xff, 0x37, 0x6d,
  0xe4, 0xff, 0x37, 0x6d, 0xe3, 0xff, 0x37, 0x6d, 0xe3, 0xff, 0x37, 0x6d,
  0xe3, 0xff, 0x37, 0x6d, 0xe3, 0xff, 0x37, 0x6d, 0xe3, 0xff, 0x37, 0x6d,
  0xe4, 0xff, 0x37, 0x6d, 0xe4, 0xff, 0x35, 0x6b, 0xe0, 0xff, 0x08, 0x38,
  0x89, 0xff, 0x08, 0x38, 0x89, 0xff, 0x36, 0x6c, 0xe2, 0xff, 0x38, 0x6e,
  0xe6, 0xff, 0x38, 0x6e, 0xe5, 0xff, 0x38, 0x6e, 0xe5, 0xff, 0x38, 0x6e,
  0xe5, 0xff, 0x38, 0x6e, 0xe5, 0xff, 0x38, 0x6e, 0xe5, 0xff, 0x38, 0x6e,
  0xe5, 0xff, 0x37, 0x6e, 0xe5, 0xff, 0x38, 0x6e, 0xe5, 0xff, 0x37, 0x6e,
  0xe5, 0xff, 0x38, 0x6e, 0xe5, 0xff, 0x37, 0x6e, 0xe5, 0xff, 0x37, 0x6e,
  0xe5, 0xff, 0x37, 0x6e, 0xe5, 0xff, 0x37, 0x6e, 0xe5, 0xff, 0x37, 0x6e,
  0xe5, 0xff, 0x38, 0x6e, 0xe5, 0xff, 0x38, 0x6e, 0xe5, 0xff, 0x38, 0x6e,
  0xe5, 0xff, 0x37, 0x6e, 0xe5, 0xff, 0x39, 0x71, 0xeb, 0xff, 0x39, 0x71,
  0xec, 0xff, 0x38, 0x6e, 0xe5, 0xff, 0x37, 0x6e, 0xe5, 0xff, 0x37, 0x6e,
  0xe5, 0xff, 0x37, 0x6e, 0xe5, 0xff, 0x38, 0x70, 0xeb, 0xff, 0x32, 0x5f,
  0xc3, 0xff, 0x17, 0x16, 0x14, 0xff, 0x16, 0x0e, 0x00, 0xff, 0x16, 0x0e,
  0x01, 0xff, 0x17, 0x14, 0x11, 0xff, 0x31, 0x5d, 0xbd, 0xff, 0x38, 0x71,
  0xec, 0xff, 0x38, 0x6e, 0xe5, 0xff, 0x38, 0x6e, 0xe5, 0xff, 0x38, 0x6e,
  0xe5, 0xff, 0x38, 0x6e, 0xe5, 0xff, 0x38, 0x71, 0xec, 0xff, 0x38, 0x70,
  0xea, 0xff, 0x38, 0x6e, 0xe5, 0xff, 0x37, 0x6e, 0xe5, 0xff, 0x37, 0x6e,
  0xe5, 0xff, 0x38, 0x6e, 0xe5, 0xff, 0x38, 0x6e, 0xe5, 0xff, 0x38, 0x6e,
  0xe5, 0xff, 0x38, 0x6e, 0xe5, 0xff, 0x38, 0x6e, 0xe5, 0xff, 0x38, 0x6e,
  0xe5, 0xff, 0x37, 0x6e, 0xe5, 0xff, 0x38, 0x6e, 0xe5, 0xff, 0x37, 0x6e,
  0xe5, 0xff, 0x38, 0x6e, 0xe5, 0xff, 0x37, 0x6e, 0xe5, 0xff, 0x37, 0x6e,
  0xe5, 0xff, 0x37, 0x6e, 0xe5, 0xff, 0x37, 0x6e, 0xe5, 0xff, 0x37, 0x6e,
  0xe5, 0xff, 0x38, 0x6e, 0xe5, 0xff, 0x38, 0x6e, 0xe6, 0xff, 0x36, 0x6c,
  0xe2, 0xff, 0x08, 0x38, 0x89, 0xff, 0x08, 0x38, 0x8a, 0xff, 0x36, 0x6d,
  0xe3, 0xff, 0x38, 0x6f, 0xe7, 0xff, 0x38, 0x6f, 0xe7, 0xff, 0x38, 0x6f,
  0xe7, 0xff, 0x38, 0x6f, 0xe7, 0xff, 0x38, 0x6f, 0xe7, 0xff, 0x38, 0x6f,
  0xe7, 0xff, 0x38, 0x6f, 0xe7, 0xff, 0x38, 0x6f, 0xe6, 0xff, 0x38, 0x6f,
  0xe7, 0xff, 0x38, 0x6f, 0xe6, 0xff, 0x38, 0x6f, 0xe7, 0xff, 0x38, 0x6f,
  0xe6, 0xff, 0x38, 0x6f, 0xe6, 0xff, 0x38, 0x6f, 0xe6, 0xff, 0x38, 0x6f,
  0xe6, 0xff, 0x38, 0x6f, 0xe6, 0xff, 0x38, 0x6f, 0xe7, 0xff, 0x38, 0x6f,
  0xe7, 0xff, 0x38, 0x6f, 0xe7, 0xff, 0x38, 0x6f, 0xe6, 0xff, 0x38, 0x6f,
  0xe7, 0xff, 0x38, 0x6f, 0xe7, 0xff, 0x38, 0x6f, 0xe7, 0xff, 0x38, 0x6f,
  0xe6, 0xff, 0x38, 0x6f, 0xe6, 0xff, 0x38, 0x6f, 0xe6, 0xff, 0x38, 0x6f,
  0xe6, 0xff, 0x3a, 0x73, 0xf0, 0xff, 0x29, 0x48, 0x8c, 0xff, 0x15, 0x0e,
  0x00, 0xff, 0x15, 0x0d, 0x00, 0xff, 0x28, 0x45, 0x85, 0xff, 0x39, 0x73,
  0xf0, 0xff, 0x38, 0x6f, 0xe6, 0xff, 0x38, 0x6f, 0xe7, 0xff, 0x38, 0x6f,
  0xe7, 0xff, 0x38, 0x6f, 0xe7, 0xff, 0x38, 0x6f, 0xe7, 0xff, 0x38, 0x6f,
  0xe6, 0xff, 0x38, 0x6f, 0xe6, 0xff, 0x38, 0x6f, 0xe7, 0xff, 0x38, 0x6f,
  0xe6, 0xff, 0x38, 0x6f, 0xe6, 0xff, 0x38, 0x6f, 0xe7, 0xff, 0x38, 0x6f,
  0xe7, 0xff, 0x38, 0x6f, 0xe7, 0xff, 0x38, 0x6f, 0xe7, 0xff, 0x38, 0x6f,
  0xe7, 0xff, 0x38, 0x6f, 0xe7, 0xff, 0x38, 0x6f, 0xe6, 0xff, 0x38, 0x6f,
  0xe7, 0xff, 0x38, 0x6f, 0xe6, 0xff, 0x38, 0x6f, 0xe7, 0xff, 0x38, 0x6f,
  0xe6, 0xff, 0x38, 0x6f, 0xe6, 0xff, 0x38, 0x6f, 0xe6, 0xff, 0x38, 0x6f,
  0xe6, 0xff, 0x38, 0x6f, 0xe6, 0xff, 0x38, 0x6f, 0xe7, 0xff, 0x38, 0x6f,
  0xe7, 0xff, 0x36, 0x6d, 0xe3, 0xff, 0x08, 0x38, 0x8a, 0xff, 0x08, 0x38,
  0x8a, 0xff, 0x37, 0x6e, 0xe5, 0xff, 0x39, 0x70, 0xe9, 0xff, 0x39, 0x70,
  0xe8, 0xff, 0x39, 0x70, 0xe8, 0xff, 0x39, 0x70, 0xe8, 0xff, 0x39, 0x70,
  0xe8, 0xff, 0x39, 0x70, 0xe8, 0xff, 0x39, 0x70, 0xe8, 0xff, 0x39, 0x70,
  0xe8, 0xff, 0x39, 0x70, 0xe8, 0xff, 0x39, 0x70, 0xe8, 0xff, 0x39, 0x70,
  0xe8, 0xff, 0x39, 0x70, 0xe8, 0xff, 0x39, 0x70, 0xe8, 0xff, 0x39, 0x70,
  0xe8, 0xff, 0x39, 0x70, 0xe8, 0xff, 0x39, 0x70, 0xe8, 0xff, 0x39, 0x70,
  0xe8, 0xff, 0x39, 0x70, 0xe8, 0xff, 0x39, 0x70, 0xe8, 0xff, 0x39, 0x70,
  0xe8, 0xff, 0x39, 0x70, 0xe8, 0xff, 0x39, 0x70, 0xe8, 0xff, 0x39, 0x70,
  0xe8, 0xff, 0x39, 0x70, 0xe8, 0xff, 0x39, 0x70, 0xe8, 0xff, 0x39, 0x70,
  0xe8, 0xff, 0x39, 0x70, 0xe8, 0xff, 0x39, 0x70, 0xe9, 0xff, 0x39, 0x71,
  0xeb, 0xff, 0x20, 0x2c, 0x47, 0xff, 0x1f, 0x29, 0x41, 0xff, 0x39, 0x70,
  0xe9, 0xff, 0x39, 0x70, 0xe9, 0xff, 0x39, 0x70, 0xe8, 0xff, 0x39, 0x70,
  0xe8, 0xff, 0x39, 0x70, 0xe8, 0xff, 0x39, 0x70, 0xe8, 0xff, 0x39, 0x70,
  0xe8, 0xff, 0x39, 0x70, 0xe8, 0xff, 0x39, 0x70, 0xe8, 0xff, 0x39, 0x70,
  0xe8, 0xff, 0x39, 0x70, 0xe8, 0xff, 0x39, 0x70, 0xe8, 0xff, 0x39, 0x70,
  0xe8, 0xff, 0x39, 0x70, 0xe8, 0xff, 0x39, 0x70, 0xe8, 0xff, 0x39, 0x70,
  0xe8, 0xff, 0x39, 0x70, 0xe8, 0xff, 0x39, 0x70, 0xe8, 0xff, 0x39, 0x70,
  0xe8, 0xff, 0x39, 0x70, 0xe8, 0xff, 0x39, 0x70, 0xe8, 0xff, 0x39, 0x70,
  0xe8, 0xff, 0x39, 0x70, 0xe8, 0xff, 0x39, 0x70, 0xe8, 0xff, 0x39, 0x70,
  0xe8, 0xff, 0x39, 0x70, 0xe8, 0xff, 0x39, 0x70, 0xe8, 0xff, 0x39, 0x70,
  0xe8, 0xff, 0x39, 0x70, 0xe9, 0xff, 0x37, 0x6e, 0xe5, 0xff, 0x08, 0x38,
  0x8a, 0xff, 0x08, 0x38, 0x8a, 0xff, 0x38, 0x6e, 0xe6, 0xff, 0x3a, 0x71,
  0xea, 0xff, 0x3a, 0x71, 0xea, 0xff, 0x3a, 0x71, 0xea, 0xff, 0x3a, 0x71,
  0xea, 0xff, 0x3a, 0x71, 0xea, 0xff, 0x3a, 0x71, 0xea, 0xff, 0x3a, 0x71,
  0xea, 0xff, 0x39, 0x70, 0xe9, 0xff, 0x3a, 0x71, 0xea, 0xff, 0x39, 0x70,
  0xe9, 0xff, 0x3a, 0x71, 0xea, 0xff, 0x39, 0x70, 0xe9, 0xff, 0x39, 0x70,
  0xe9, 0xff, 0x39, 0x70, 0xe9, 0xff, 0x39, 0x70, 0xe9, 0xff, 0x39, 0x70,
  0xe9, 0xff, 0x3a, 0x71, 0xea, 0xff, 0x3a, 0x71, 0xea, 0xff, 0x3a, 0x71,
  0xea, 0xff, 0x39, 0x70, 0xe9, 0xff, 0x3a, 0x71, 0xea, 0xff, 0x3a, 0x71,
  0xea, 0xff, 0x3a, 0x71, 0xea, 0xff, 0x39, 0x70, 0xe9, 0xff, 0x39, 0x70,
  0xe9, 0xff, 0x39, 0x70, 0xe9, 0xff, 0x39, 0x70, 0xe9, 0xff, 0x39, 0x70,
  0xe9, 0xff, 0x3a, 0x72, 0xee, 0xff, 0x35, 0x66, 0xd1, 0xff, 0x35, 0x65,
  0xcf, 0xff, 0x3a, 0x72, 0xee, 0xff, 0x3a, 0x71, 0xe9, 0xff, 0x3a, 0x71,
  0xea, 0xff, 0x3a, 0x71, 0xea, 0xff, 0x3a, 0x71, 0xea, 0xff, 0x3a, 0x71,
  0xea, 0xff, 0x3a, 0x71, 0xea, 0xff, 0x39, 0x70, 0xe9, 0xff, 0x39, 0x70,
  0xe9, 0xff, 0x3a, 0x71, 0xea, 0xff, 0x39, 0x70, 0xe9, 0xff, 0x39, 0x70,
  0xe9, 0xff, 0x3a, 0x71, 0xea, 0xff, 0x3a, 0x71, 0xea, 0xff, 0x3a, 0x71,
  0xea, 0xff, 0x3a, 0x71, 0xea, 0xff, 0x3a, 0x71, 0xea, 0xff, 0x3a, 0x71,
  0xea, 0xff, 0x39, 0x71, 0xe9, 0xff, 0x3a, 0x71, 0xea, 0xff, 0x39, 0x70,
  0xe9, 0xff, 0x3a, 0x71, 0xea, 0xff, 0x39, 0x70, 0xe9, 0xff, 0x39, 0x70,
  0xe9, 0xff, 0x39, 0x70, 0xe9, 0xff, 0x39, 0x70, 0xe9, 0xff, 0x39, 0x70,
  0xe9, 0xff, 0x3a, 0x71, 0xea, 0xff, 0x3a, 0x71, 0xea, 0xff, 0x38, 0x6e,
  0xe6, 0xff, 0x08, 0x38, 0x8a, 0xff, 0x0a, 0x3c, 0x8f, 0xf8, 0x38, 0x6f,
  0xe7, 0xff, 0x3a, 0x72, 0xec, 0xff, 0x3a, 0x72, 0xeb, 0xff, 0x3a, 0x72,
  0xeb, 0xff, 0x3a, 0x72, 0xeb, 0xff, 0x3a, 0x72, 0xeb, 0xff, 0x3a, 0x72,
  0xeb, 0xff, 0x3a, 0x72, 0xeb, 0xff, 0x3a, 0x71, 0xeb, 0xff, 0x3a, 0x72,
  0xeb, 0xff, 0x3a, 0x71, 0xeb, 0xff, 0x3a, 0x72, 0xeb, 0xff, 0x3a, 0x71,
  0xeb, 0xff, 0x3a, 0x71, 0xeb, 0xff, 0x3a, 0x71, 0xeb, 0xff, 0x3a, 0x71,
  0xeb, 0xff, 0x3a, 0x71, 0xeb, 0xff, 0x3a, 0x72, 0xeb, 0xff, 0x3a, 0x72,
  0xeb, 0xff, 0x3a, 0x72, 0xeb, 0xff, 0x3a, 0x71, 0xeb, 0xff, 0x3a, 0x72,
  0xeb, 0xff, 0x3a, 0x72, 0xeb, 0xff, 0x3a, 0x72, 0xeb, 0xff, 0x3a, 0x71,
  0xeb, 0xff, 0x3a, 0x71, 0xeb, 0xff, 0x3a, 0x71, 0xeb, 0xff, 0x3a, 0x71,
  0xeb, 0xff, 0x3a, 0x71, 0xeb, 0xff, 0x3a, 0x72, 0xeb, 0xff, 0x3a, 0x73,
  0xee, 0xff, 0x3b, 0x73, 0xee, 0xff, 0x3a, 0x71, 0xeb, 0xff, 0x3a, 0x72,
  0xeb, 0xff, 0x3a, 0x72, 0xeb, 0xff, 0x3a, 0x72, 0xeb, 0xff, 0x3a, 0x72,
  0xeb, 0xff, 0x3a, 0x72, 0xeb, 0xff, 0x3a, 0x72, 0xeb, 0xff, 0x3a, 0x72,
  0xeb, 0xff, 0x3a, 0x71, 0xeb, 0xff, 0x3a, 0x72, 0xeb, 0xff, 0x3a, 0x72,
  0xeb, 0xff, 0x3a, 0x71, 0xeb, 0xff, 0x3a, 0x72, 0xeb, 0xff, 0x3a, 0x72,
  0xeb, 0xff, 0x3a, 0x72, 0xeb, 0xff, 0x3a, 0x72, 0xeb, 0xff, 0x3a, 0x72,
  0xeb, 0xff, 0x3a, 0x72, 0xeb, 0xff, 0x3a, 0x71, 0xeb, 0xff, 0x3a, 0x72,
  0xeb, 0xff, 0x3a, 0x71, 0xeb, 0xff, 0x3a, 0x72, 0xeb, 0xff, 0x3a, 0x71,
  0xeb, 0xff, 0x3a, 0x71, 0xeb, 0xff, 0x3a, 0x71, 0xeb, 0xff, 0x3a, 0x71,
  0xeb, 0xff, 0x3a, 0x71, 0xeb, 0xff, 0x3a, 0x72, 0xeb, 0xff, 0x3a, 0x72,
  0xec, 0xff, 0x38, 0x6f, 0xe7, 0xff, 0x0b, 0x3b, 0x8e, 0xf9, 0x0c, 0x3b,
  0x8f, 0x82, 0x35, 0x6e, 0xe7, 0xff, 0x3c, 0x73, 0xee, 0xff, 0x3b, 0x73,
  0xed, 0xff, 0x3b, 0x73, 0xed, 0xff, 0x3b, 0x73, 0xed, 0xff, 0x3b, 0x73,
  0xed, 0xff, 0x3b, 0x73, 0xed, 0xff, 0x3b, 0x73, 0xed, 0xff, 0x3b, 0x72,
  0xec, 0xff, 0x3b, 0x73, 0xed, 0xff, 0x3b, 0x72, 0xec, 0xff, 0x3b, 0x73,
  0xed, 0xff, 0x3b, 0x72, 0xec, 0xff, 0x3b, 0x72, 0xec, 0xff, 0x3b, 0x72,
  0xec, 0xff, 0x3b, 0x72, 0xec, 0xff, 0x3b, 0x72, 0xec, 0xff, 0x3b, 0x73,
  0xed, 0xff, 0x3b, 0x73, 0xed, 0xff, 0x3b, 0x73, 0xed, 0xff, 0x3b, 0x72,
  0xec, 0xff, 0x3b, 0x73, 0xed, 0xff, 0x3b, 0x73, 0xed, 0xff, 0x3b, 0x73,
  0xed, 0xff, 0x3b, 0x72, 0xec, 0xff, 0x3b, 0x72, 0xec, 0xff, 0x3b, 0x72,
  0xec, 0xff, 0x3b, 0x72, 0xec, 0xff, 0x3b, 0x72, 0xec, 0xff, 0x3b, 0x73,
  0xed, 0xff, 0x3b, 0x72, 0xec, 0xff, 0x3b, 0x73, 0xed, 0xff, 0x3b, 0x72,
  0xec, 0xff, 0x3b, 0x73, 0xed, 0xff, 0x3b, 0x73, 0xed, 0xff, 0x3b, 0x73,
  0xed, 0xff, 0x3b, 0x73, 0xed, 0xff, 0x3b, 0x73, 0xed, 0xff, 0x3b, 0x73,
  0xed, 0xff, 0x3b, 0x72, 0xed, 0xff, 0x3b, 0x72, 0xec, 0xff, 0x3b, 0x73,
  0xed, 0xff, 0x3b, 0x72, 0xed, 0xff, 0x3b, 0x72, 0xec, 0xff, 0x3b, 0x73,
  0xed, 0xff, 0x3b, 0x73, 0xed, 0xff, 0x3b, 0x73, 0xed, 0xff, 0x3b, 0x73,
  0xed, 0xff, 0x3b, 0x73, 0xed, 0xff, 0x3b, 0x73, 0xed, 0xff, 0x3b, 0x72,
  0xec, 0xff, 0x3b, 0x73, 0xed, 0xff, 0x3b, 0x72, 0xec, 0xff, 0x3b, 0x73,
  0xed, 0xff, 0x3b, 0x72, 0xec, 0xff, 0x3b, 0x72, 0xec, 0xff, 0x3b, 0x72,
  0xec, 0xff, 0x3b, 0x72, 0xec, 0xff, 0x3b, 0x72, 0xec, 0xff, 0x3b, 0x73,
  0xed, 0xff, 0x3c, 0x73, 0xee, 0xff, 0x35, 0x6e, 0xe7, 0xff, 0x0a, 0x30,
  0x72, 0xa1, 0x00, 0x24, 0x61, 0x32, 0x29, 0x5e, 0xca, 0xfb, 0x3e, 0x77,
  0xf3, 0xff, 0x3b, 0x73, 0xee, 0xff, 0x3b, 0x73, 0xee, 0xff, 0x3b, 0x73,
  0xee, 0xff, 0x3b, 0x73, 0xee, 0xff, 0x3b, 0x73, 0xee, 0xff, 0x3b, 0x73,
  0xee, 0xff, 0x3b, 0x73, 0xee, 0xff, 0x3b, 0x73, 0xee, 0xff, 0x3b, 0x73,
  0xee, 0xff, 0x3b, 0x73, 0xee, 0xff, 0x3b, 0x73, 0xee, 0xff, 0x3b, 0x73,
  0xee, 0xff, 0x3b, 0x73, 0xee, 0xff, 0x3b, 0x73, 0xee, 0xff, 0x3b, 0x73,
  0xee, 0xff, 0x3c, 0x74, 0xee, 0xff, 0x3b, 0x73, 0xee, 0xff, 0x3b, 0x73,
  0xee, 0xff, 0x3b, 0x73, 0xee, 0xff, 0x3b, 0x73, 0xee, 0xff, 0x3b, 0x73,
  0xee, 0xff, 0x3c, 0x74, 0xee, 0xff, 0x3b, 0x73, 0xee, 0xff, 0x3b, 0x73,
  0xee, 0xff, 0x3b, 0x73, 0xee, 0xff, 0x3b, 0x73, 0xee, 0xff, 0x3b, 0x73,
  0xee, 0xff, 0x3b, 0x73, 0xee, 0xff, 0x3b, 0x73, 0xee, 0xff, 0x3b, 0x73,
  0xee, 0xff, 0x3b, 0x73, 0xee, 0xff, 0x3b, 0x73, 0xee, 0xff, 0x3b, 0x73,
  0xee, 0xff, 0x3b, 0x73, 0xee, 0xff, 0x3b, 0x73, 0xee, 0xff, 0x3b, 0x73,
  0xee, 0xff, 0x3c, 0x74, 0xee, 0xff, 0x3b, 0x73, 0xee, 0xff, 0x3b, 0x73,
  0xee, 0xff, 0x3b, 0x73, 0xee, 0xff, 0x3b, 0x73, 0xee, 0xff, 0x3b, 0x73,
  0xee, 0xff, 0x3c, 0x74, 0xee, 0xff, 0x3b, 0x73, 0xee, 0xff, 0x3b, 0x73,
  0xee, 0xff, 0x3b, 0x73, 0xee, 0xff, 0x3b, 0x73, 0xee, 0xff, 0x3b, 0x73,
  0xee, 0xff, 0x3b, 0x73, 0xee, 0xff, 0x3b, 0x73, 0xee, 0xff, 0x3b, 0x73,
  0xee, 0xff, 0x3b, 0x73, 0xee, 0xff, 0x3b, 0x73, 0xee, 0xff, 0x3b, 0x73,
  0xee, 0xff, 0x3b, 0x73, 0xee, 0xff, 0x3b, 0x73, 0xee, 0xff, 0x3b, 0x73,
  0xee, 0xff, 0x3b, 0x73, 0xee, 0xff, 0x3e, 0x77, 0xf4, 0xff, 0x28, 0x5e,
  0xc9, 0xfc, 0x00, 0x11, 0x2f, 0x67, 0x00, 0x00, 0x00, 0x02, 0x12, 0x42,
  0x9a, 0xae, 0x3b, 0x75, 0xf3, 0xff, 0x3d, 0x75, 0xf2, 0xff, 0x3c, 0x74,
  0xf0, 0xff, 0x3c, 0x74, 0xf0, 0xff, 0x3c, 0x74, 0xf0, 0xff, 0x3c, 0x74,
  0xf0, 0xff, 0x3c, 0x74, 0xf0, 0xff, 0x3c, 0x74, 0xef, 0xff, 0x3c, 0x74,
  0xf0, 0xff, 0x3c, 0x74, 0xef, 0xff, 0x3c, 0x74, 0xf0, 0xff, 0x3c, 0x74,
  0xef, 0xff, 0x3c, 0x74, 0xef, 0xff, 0x3c, 0x74, 0xef, 0xff, 0x3c, 0x74,
  0xef, 0xff, 0x3c, 0x74, 0xef, 0xff, 0x3c, 0x74, 0xf0, 0xff, 0x3c, 0x74,
  0xf0, 0xff, 0x3c, 0x74, 0xf0, 0xff, 0x3c, 0x74, 0xef, 0xff, 0x3c, 0x74,
  0xf0, 0xff, 0x3c, 0x74, 0xf0, 0xff, 0x3c, 0x74, 0xf0, 0xff, 0x3c, 0x74,
  0xef, 0xff, 0x3c, 0x74, 0xef, 0xff, 0x3c, 0x74, 0xef, 0xff, 0x3c, 0x74,
  0xef, 0xff, 0x3c, 0x74, 0xef, 0xff, 0x3c, 0x74, 0xf0, 0xff, 0x3c, 0x74,
  0xef, 0xff, 0x3c, 0x74, 0xf0, 0xff, 0x3c, 0x74, 0xef, 0xff, 0x3c, 0x74,
  0xf0, 0xff, 0x3c, 0x74, 0xf0, 0xff, 0x3c, 0x74, 0xf0, 0xff, 0x3c, 0x74,
  0xf0, 0xff, 0x3c, 0x74, 0xf0, 0xff, 0x3c, 0x74, 0xf0, 0xff, 0x3c, 0x74,
  0xef, 0xff, 0x3c, 0x74, 0xef, 0xff, 0x3c, 0x74, 0xf0, 0xff, 0x3c, 0x74,
  0xef, 0xff, 0x3c, 0x74, 0xef, 0xff, 0x3c, 0x74, 0xf0, 0xff, 0x3c, 0x74,
  0xf0, 0xff, 0x3c, 0x74, 0xf0, 0xff, 0x3c, 0x74, 0xf0, 0xff, 0x3c, 0x74,
  0xf0, 0xff, 0x3c, 0x74, 0xf0, 0xff, 0x3c, 0x74, 0xef, 0xff, 0x3c, 0x74,
  0xf0, 0xff, 0x3c, 0x74, 0xef, 0xff, 0x3c, 0x74, 0xf0, 0xff, 0x3c, 0x74,
  0xef, 0xff, 0x3c, 0x74, 0xef, 0xff, 0x3c, 0x74, 0xef, 0xff, 0x3c, 0x74,
  0xef, 0xff, 0x3c, 0x74, 0xef, 0xff, 0x3d, 0x75, 0xf2, 0xff, 0x3b, 0x75,
  0xf3, 0xff, 0x10, 0x3b, 0x8a, 0xc2, 0x00, 0x00, 0x00, 0x3a, 0x00, 0x00,
  0x00, 0x00, 0x00, 0x17, 0x4d, 0x21, 0x1a, 0x4c, 0xab, 0xd7, 0x3b, 0x76,
  0xf4, 0xff, 0x3f, 0x78, 0xf7, 0xff, 0x3e, 0x76, 0xf3, 0xff, 0x3d, 0x76,
  0xf2, 0xff, 0x3d, 0x76, 0xf2, 0xff, 0x3d, 0x76, 0xf2, 0xff, 0x3d, 0x75,
  0xf2, 0xff, 0x3d, 0x76, 0xf2, 0xff, 0x3d, 0x75, 0xf2, 0xff, 0x3d, 0x76,
  0xf2, 0xff, 0x3d, 0x75, 0xf2, 0xff, 0x3d, 0x75, 0xf2, 0xff, 0x3d, 0x75,
  0xf2, 0xff, 0x3d, 0x75, 0xf2, 0xff, 0x3d, 0x75, 0xf2, 0xff, 0x3d, 0x76,
  0xf2, 0xff, 0x3d, 0x76, 0xf2, 0xff, 0x3d, 0x76, 0xf2, 0xff, 0x3d, 0x75,
  0xf2, 0xff, 0x3d, 0x76, 0xf2, 0xff, 0x3d, 0x76, 0xf2, 0xff, 0x3d, 0x76,
  0xf2, 0xff, 0x3d, 0x75, 0xf2, 0xff, 0x3d, 0x75, 0xf2, 0xff, 0x3d, 0x75,
  0xf2, 0xff, 0x3d, 0x75, 0xf2, 0xff, 0x3d, 0x75, 0xf2, 0xff, 0x3d, 0x76,
  0xf2, 0xff, 0x3d, 0x75, 0xf2, 0xff, 0x3d, 0x76, 0xf2, 0xff, 0x3d, 0x75,
  0xf2, 0xff, 0x3d, 0x76, 0xf2, 0xff, 0x3d, 0x76, 0xf2, 0xff, 0x3d, 0x76,
  0xf2, 0xff, 0x3d, 0x76, 0xf2, 0xff, 0x3d, 0x76, 0xf2, 0xff, 0x3d, 0x76,
  0xf2, 0xff, 0x3d, 0x75, 0xf2, 0xff, 0x3d, 0x75, 0xf2, 0xff, 0x3d, 0x76,
  0xf2, 0xff, 0x3d, 0x75, 0xf2, 0xff, 0x3d, 0x75, 0xf2, 0xff, 0x3d, 0x76,
  0xf2, 0xff, 0x3d, 0x76, 0xf2, 0xff, 0x3d, 0x76, 0xf2, 0xff, 0x3d, 0x76,
  0xf2, 0xff, 0x3d, 0x76, 0xf2, 0xff, 0x3d, 0x76, 0xf2, 0xff, 0x3d, 0x75,
  0xf2, 0xff, 0x3d, 0x76, 0xf2, 0xff, 0x3d, 0x75, 0xf2, 0xff, 0x3d, 0x76,
  0xf2, 0xff, 0x3d, 0x75, 0xf2, 0xff, 0x3d, 0x75, 0xf2, 0xff, 0x3d, 0x75,
  0xf2, 0xff, 0x3d, 0x76, 0xf2, 0xff, 0x3f, 0x78, 0xf7, 0xff, 0x3b, 0x76,
  0xf4, 0xff, 0x19, 0x49, 0xa4, 0xe0, 0x00, 0x09, 0x1e, 0x54, 0x00, 0x00,
  0x00, 0x26, 0x00, 0x00, 0x00, 0x00, 0x00, 0x00, 0x00, 0x00, 0x00, 0x14,
  0x3b, 0x27, 0x12, 0x41, 0x96, 0xb4, 0x2b, 0x61, 0xce, 0xfb, 0x38, 0x72,
  0xed, 0xff, 0x3b, 0x74, 0xef, 0xff, 0x3c, 0x74, 0xef, 0xff, 0x3c, 0x74,
  0xef, 0xff, 0x3b, 0x74, 0xef, 0xff, 0x3c, 0x74, 0xef, 0xff, 0x3b, 0x74,
  0xef, 0xff, 0x3c, 0x74, 0xef, 0xff, 0x3b, 0x74, 0xef, 0xff, 0x3b, 0x74,
  0xef, 0xff, 0x3b, 0x74, 0xef, 0xff, 0x3b, 0x74, 0xef, 0xff, 0x3b, 0x74,
  0xef, 0xff, 0x3c, 0x74, 0xef, 0xff, 0x3c, 0x74, 0xef, 0xff, 0x3c, 0x74,
  0xef, 0xff, 0x3b, 0x74, 0xef, 0xff, 0x3c, 0x74, 0xef, 0xff, 0x3c, 0x74,
  0xef, 0xff, 0x3c, 0x74, 0xef, 0xff, 0x3b, 0x74, 0xef, 0xff, 0x3b, 0x74,
  0xef, 0xff, 0x3b, 0x74, 0xef, 0xff, 0x3b, 0x74, 0xef, 0xff, 0x3b, 0x74,
  0xef, 0xff, 0x3c, 0x74, 0xef, 0xff, 0x3b, 0x74, 0xef, 0xff, 0x3c, 0x74,
  0xef, 0xff, 0x3b, 0x74, 0xef, 0xff, 0x3c, 0x74, 0xef, 0xff, 0x3c, 0x74,
  0xef, 0xff, 0x3c, 0x74, 0xef, 0xff, 0x3c, 0x74, 0xef, 0xff, 0x3c, 0x74,
  0xef, 0xff, 0x3c, 0x74, 0xef, 0xff, 0x3b, 0x74, 0xef, 0xff, 0x3b, 0x74,
  0xef, 0xff, 0x3c, 0x74, 0xef, 0xff, 0x3b, 0x74, 0xef, 0xff, 0x3b, 0x74,
  0xef, 0xff, 0x3c, 0x74, 0xef, 0xff, 0x3c, 0x74, 0xef, 0xff, 0x3c, 0x74,
  0xef, 0xff, 0x3c, 0x74, 0xef, 0xff, 0x3c, 0x74, 0xef, 0xff, 0x3c, 0x74,
  0xef, 0xff, 0x3b, 0x74, 0xef, 0xff, 0x3c, 0x74, 0xef, 0xff, 0x3b, 0x74,
  0xef, 0xff, 0x3c, 0x74, 0xef, 0xff, 0x3b, 0x74, 0xef, 0xff, 0x3b, 0x74,
  0xef, 0xff, 0x3b, 0x74, 0xef, 0xff, 0x38, 0x72, 0xed, 0xff, 0x2b, 0x61,
  0xce, 0xfb, 0x11, 0x3d, 0x8d, 0xc0, 0x00, 0x09, 0x1b, 0x54, 0x00, 0x00,
  0x00, 0x26, 0x00, 0x00, 0x00, 0x0f, 0x00, 0x00, 0x00, 0x00, 0x00, 0x00,
  0x00, 0x00, 0x00, 0x00, 0x00, 0x00, 0x00, 0x00, 0x00, 0x12, 0x00, 0x19,
  0x41, 0x52, 0x0a, 0x33, 0x78, 0x9b, 0x0b, 0x3c, 0x91, 0xf8, 0x09, 0x39,
  0x8c, 0xff, 0x09, 0x39, 0x8c, 0xff, 0x09, 0x39, 0x8b, 0xff, 0x09, 0x39,
  0x8c, 0xff, 0x09, 0x39, 0x8b, 0xff, 0x09, 0x39, 0x8c, 0xff, 0x09, 0x39,
  0x8b, 0xff, 0x09, 0x39, 0x8b, 0xff, 0x09, 0x39, 0x8b, 0xff, 0x09, 0x39,
  0x8b, 0xff, 0x09, 0x39, 0x8b, 0xff, 0x09, 0x39, 0x8c, 0xff, 0x09, 0x39,
  0x8c, 0xff, 0x09, 0x39, 0x8c, 0xff, 0x09, 0x39, 0x8b, 0xff, 0x09, 0x39,
  0x8c, 0xff, 0x09, 0x39, 0x8c, 0xff, 0x09, 0x39, 0x8c, 0xff, 0x09, 0x39,
  0x8b, 0xff, 0x09, 0x39, 0x8b, 0xff, 0x09, 0x39, 0x8b, 0xff, 0x09, 0x39,
  0x8b, 0xff, 0x09, 0x39, 0x8b, 0xff, 0x09, 0x39, 0x8c, 0xff, 0x09, 0x39,
  0x8b, 0xff, 0x09, 0x39, 0x8c, 0xff, 0x09, 0x39, 0x8b, 0xff, 0x09, 0x39,
  0x8c, 0xff, 0x09, 0x39, 0x8c, 0xff, 0x09, 0x39, 0x8c, 0xff, 0x09, 0x39,
  0x8c, 0xff, 0x09, 0x39, 0x8c, 0xff, 0x09, 0x39, 0x8c, 0xff, 0x09, 0x39,
  0x8b, 0xff, 0x09, 0x39, 0x8b, 0xff, 0x09, 0x39, 0x8c, 0xff, 0x09, 0x39,
  0x8b, 0xff, 0x09, 0x39, 0x8b, 0xff, 0x09, 0x39, 0x8c, 0xff, 0x09, 0x39,
  0x8c, 0xff, 0x09, 0x39, 0x8c, 0xff, 0x09, 0x39, 0x8c, 0xff, 0x09, 0x39,
  0x8c, 0xff, 0x09, 0x39, 0x8c, 0xff, 0x09, 0x39, 0x8b, 0xff, 0x09, 0x39,
  0x8c, 0xff, 0x09, 0x39, 0x8b, 0xff, 0x09, 0x39, 0x8c, 0xff, 0x09, 0x39,
  0x8b, 0xff, 0x09, 0x39, 0x8c, 0xff, 0x0b, 0x3c, 0x91, 0xf8, 0x0b, 0x30,
  0x74, 0xa0, 0x00, 0x14, 0x35, 0x66, 0x00, 0x00, 0x00, 0x3b, 0x00, 0x00,
  0x00, 0x26, 0x00, 0x00, 0x00, 0x0f, 0x00, 0x00, 0x00, 0x01
};
unsigned int kIconBmpLen = 16522;
